# This file uses centimeters as units for non-parametric coordinates.

mtllib SM_haicao.mtl
g default
v -108.112011 9.637016 37.366048
v -110.160611 10.477235 38.627271
v -110.597711 11.074398 40.987168
v -109.223248 11.089777 43.063353
v -106.830830 10.476987 43.438105
v -110.352297 12.036669 36.577655
v -113.366802 13.334138 38.462208
v -114.015275 14.256770 41.966234
v -111.918753 14.261813 45.037156
v -108.374391 13.310027 45.577356
v -115.245018 18.934290 38.437913
v -118.164658 20.351952 40.341759
v -118.715616 21.340530 43.825232
v -116.576499 21.318910 46.847757
v -113.080063 20.263685 47.346068
v -122.805027 31.205965 41.640158
v -125.286440 32.671806 43.390599
v -125.627118 33.661120 46.511838
v -123.628878 33.593275 49.175475
v -120.539630 32.471184 49.558396
v -131.165597 48.051979 44.345363
v -133.373929 49.718447 46.095717
v -133.489295 50.794185 49.123006
v -131.445472 50.648897 51.653837
v -128.547347 49.337799 51.953242
v -136.473353 68.545970 46.055546
v -138.079111 70.137171 47.578180
v -137.974723 71.148421 50.131240
v -136.220547 70.987319 52.219182
v -133.905364 69.695472 52.408119
v -134.179414 82.525710 45.642565
v -135.340749 83.832395 46.851572
v -135.163274 84.672574 48.840459
v -133.756570 84.558046 50.444143
v -132.018385 83.521285 50.560023
v -129.809262 90.653445 44.233777
v -130.744454 91.730434 45.214339
v -130.576800 92.435826 46.811671
v -129.386923 92.345593 48.090075
v -127.975581 91.509689 48.170035
v -124.854211 96.624195 42.399198
v -125.629324 97.496960 43.186755
v -125.473231 98.067511 44.462000
v -124.499587 98.015726 45.477928
v -123.364629 97.368281 45.535326
v -117.652909 103.354327 38.937268
v -118.418740 104.170487 39.692386
v -118.293237 104.741515 40.909340
v -117.350030 104.732931 41.875244
v -116.190060 104.124194 41.925117
v -108.931105 110.469130 34.118514
v -109.841126 111.341118 34.968796
v -109.731877 111.995775 36.336613
v -108.667345 112.049617 37.420734
v -107.313656 111.433692 37.474716
v -100.963887 117.716781 29.301894
v -102.035743 118.616980 30.225466
v -101.959061 119.333811 31.711217
v -100.779440 119.447457 32.888825
v -99.284078 118.871579 32.947458
v -95.167766 124.600555 25.147174
v -96.326060 125.496949 26.135260
v -96.279879 126.266855 27.724799
v -95.056253 126.459279 28.984654
v -93.424009 125.915742 29.047377
v -87.938664 137.248942 18.197666
v -89.273977 138.164579 19.288958
v -89.271752 139.016416 21.044508
v -87.933309 139.305474 22.435951
v -86.105492 138.811314 22.505229
v -83.244610 151.273204 11.011608
v -84.737279 152.250665 12.215302
v -84.755086 153.190085 14.151679
v -83.287522 153.541168 15.686438
v -81.260240 153.039605 15.762851
v -76.652614 177.931867 -3.662218
v -79.076302 179.518973 -1.707769
v -79.105173 181.044321 1.436353
v -76.722331 181.614367 3.928364
v -73.430528 180.800000 4.052438
v -75.542705 183.766816 -8.105209
v -78.805034 185.903114 -5.474469
v -78.843901 187.956263 -1.242406
v -75.636538 188.723554 2.111897
v -71.205746 187.627161 2.279157
v -74.598929 189.416907 -12.891852
v -78.929978 192.253017 -9.399320
v -78.981566 194.978770 -3.780872
v -74.723337 195.997512 0.671903
v -68.841099 194.541645 0.895142
v -73.364201 196.050571 -18.043197
v -78.718437 199.556748 -13.725529
v -78.782240 202.926455 -6.779690
v -73.518165 204.185779 -1.274480
v -66.246138 202.386712 -1.000373
v -71.493598 201.804868 -19.554828
v -76.186396 204.877114 -15.767033
v -76.237925 207.824016 -9.678141
v -71.631935 208.921294 -4.860234
v -65.248380 207.326266 -4.546511
v -67.689699 209.170105 -16.276319
v -68.844944 209.926022 -15.343180
v -68.856913 210.649806 -13.843921
v -67.725137 210.917685 -12.659709
v -66.155395 210.523977 -12.585294
v -106.376892 8.628431 40.079703
v -66.758540 210.399680 -14.633827
v -77.348358 167.451940 9.117043
v -79.608474 168.011072 9.031853
v -81.244508 167.619683 7.320861
v -81.224696 166.572394 5.162135
v -79.560636 165.482687 3.820226
v -105.675316 9.053352 37.942314
v -104.278235 9.067069 40.018514
v -104.769285 9.673322 42.378424
v -106.738038 11.129742 37.416536
v -104.642159 11.142342 40.487462
v -105.291977 12.061789 43.991499
v -111.667000 17.923421 39.228952
v -109.527873 17.909486 42.251477
v -110.080661 18.895275 45.734942
v -119.635958 30.126579 42.285867
v -117.636912 30.064806 44.949519
v -117.979469 31.052563 48.070745
v -128.162510 46.776970 44.897255
v -126.125037 46.639910 47.428090
v -126.242123 47.715465 50.455373
v -134.072880 67.292130 46.455305
v -132.324449 67.132111 48.543256
v -132.219349 68.143309 51.096312
v -132.364157 81.518186 45.921671
v -130.960737 81.401725 47.525345
v -130.786555 82.244525 49.514217
v -128.283840 89.813357 44.444376
v -127.139704 89.749213 45.722780
v -126.971407 90.454462 47.320124
v -123.617569 95.970316 42.560703
v -122.679816 95.938866 43.576623
v -122.539156 96.519182 44.851858
v -116.444414 102.771146 39.086297
v -115.501182 102.762558 40.052194
v -115.375718 103.333577 41.269143
v -107.523803 109.885366 34.283886
v -106.459340 109.939366 35.368010
v -106.361083 110.599094 36.735834
v -99.412771 117.179214 29.481511
v -98.240246 117.297657 30.659118
v -98.185540 118.022888 32.144873
v -93.477637 124.100742 25.339346
v -92.254016 124.293292 26.599203
v -92.207914 125.063201 28.188732
v -86.050024 136.806630 18.409904
v -84.712990 137.096210 19.801346
v -84.710765 137.948061 21.556901
v -81.151461 150.830274 11.245710
v -79.683895 151.181366 12.780470
v -79.701662 152.120786 14.716847
v -73.253903 177.212676 -3.282108
v -70.871064 177.782722 -0.790099
v -70.899935 179.308070 2.354022
v -70.967948 182.798779 -7.593567
v -67.760590 183.566085 -4.239259
v -67.799440 185.619234 -0.007196
v -68.525544 188.131765 -12.212602
v -64.267482 189.150413 -7.759471
v -64.319285 191.876398 -2.141283
v -65.855916 194.461794 -17.203478
v -60.591853 195.721118 -11.698254
v -60.655636 199.090824 -4.752419
v -64.911855 200.411179 -18.815600
v -60.304543 201.512680 -13.986425
v -60.362931 204.457554 -7.907294
v -66.069402 208.826608 -16.093665
v -64.936531 209.096919 -14.903966
v -64.951877 209.819161 -13.409588
v -75.610881 166.427586 7.950926
v -75.591071 165.380292 5.792200
v -77.227096 164.988913 4.081210
v -72.478308 209.078643 -16.564027
v -69.314696 207.008364 -19.119248
v -64.877438 206.067882 -18.619253
v -61.774752 206.808370 -15.361489
v -61.816429 208.787038 -11.268426
v -65.112037 210.717562 -9.010224
v -69.411318 211.795426 -9.214824
v -72.511355 211.061207 -12.458382
vt 0.013070 0.005073
vt 0.973144 0.783473
vt 0.259157 0.014298
vt 0.013070 0.014298
vt 0.962491 0.809249
vt 0.489341 0.014298
vt 0.973198 0.834988
vt 0.703945 0.014298
vt 0.998913 0.843509
vt 0.910467 0.014298
vt 0.259157 0.038267
vt 0.013070 0.038267
vt 0.489341 0.038267
vt 0.703945 0.038267
vt 0.910467 0.038267
vt 0.259157 0.079951
vt 0.013070 0.079951
vt 0.489341 0.079951
vt 0.703945 0.079951
vt 0.910467 0.079951
vt 0.259157 0.137149
vt 0.013070 0.137149
vt 0.489341 0.137149
vt 0.703945 0.137149
vt 0.910467 0.137149
vt 0.259157 0.211085
vt 0.013070 0.211085
vt 0.489341 0.211085
vt 0.703945 0.211085
vt 0.910467 0.211085
vt 0.259157 0.273976
vt 0.013070 0.273976
vt 0.489341 0.273976
vt 0.703945 0.273976
vt 0.910467 0.273976
vt 0.259157 0.318821
vt 0.013070 0.318821
vt 0.489341 0.318821
vt 0.703945 0.318821
vt 0.910467 0.318821
vt 0.259157 0.356664
vt 0.013070 0.356664
vt 0.489341 0.356664
vt 0.703945 0.356664
vt 0.910467 0.356664
vt 0.259157 0.404442
vt 0.013070 0.404442
vt 0.489341 0.404442
vt 0.703945 0.404442
vt 0.910467 0.404442
vt 0.259157 0.457368
vt 0.013070 0.457368
vt 0.489341 0.457368
vt 0.703945 0.457368
vt 0.910467 0.457368
vt 0.259157 0.507609
vt 0.013070 0.507609
vt 0.489341 0.507609
vt 0.703945 0.507609
vt 0.910467 0.507609
vt 0.259157 0.550919
vt 0.013070 0.550919
vt 0.489341 0.550919
vt 0.703945 0.550919
vt 0.910467 0.550919
vt 0.259157 0.623464
vt 0.013070 0.623464
vt 0.489341 0.623464
vt 0.703945 0.623464
vt 0.910467 0.623464
vt 0.259157 0.698354
vt 0.013070 0.698354
vt 0.489341 0.698354
vt 0.703945 0.698354
vt 0.910467 0.698354
vt 0.259157 0.772735
vt 0.013070 0.772735
vt 0.489341 0.772735
vt 0.703945 0.772735
vt 0.910467 0.772735
vt 0.013070 0.839837
vt 0.259157 0.839837
vt 0.259157 0.872838
vt 0.013070 0.872838
vt 0.489341 0.839837
vt 0.489341 0.872838
vt 0.703945 0.839837
vt 0.703945 0.872838
vt 0.910467 0.839837
vt 0.910467 0.872838
vt 0.259157 0.905805
vt 0.013070 0.905805
vt 0.489341 0.905805
vt 0.703945 0.905805
vt 0.910467 0.905805
vt 0.259157 0.935946
vt 0.013070 0.935946
vt 0.489341 0.935946
vt 0.703945 0.935946
vt 0.910467 0.935946
vt 0.259157 0.959945
vt 0.013070 0.959945
vt 0.489341 0.959945
vt 0.703945 0.959945
vt 0.910467 0.959945
vt 0.944424 0.972221
vt 0.997205 0.994117
vt 0.922653 0.919412
vt 0.944662 0.866755
vt 0.910467 0.986043
vt 0.998914 0.809209
vt 0.997205 0.919583
vt 0.997205 0.848902
vt 0.013070 0.986043
vt 0.703945 0.986043
vt 0.489341 0.986043
vt 0.259157 0.986043
vt 0.910467 0.005073
vt 0.998914 0.772791
vt 0.703945 0.005073
vt 0.489341 0.005073
vt 0.259157 0.005073
vt 0.013070 0.005073
vt 0.259157 0.005073
vt 0.259157 0.014298
vt 0.013070 0.014298
vt 0.489341 0.005073
vt 0.489341 0.014298
vt 0.703945 0.005073
vt 0.703945 0.014298
vt 0.910467 0.005073
vt 0.910467 0.014298
vt 0.259157 0.038267
vt 0.013070 0.038267
vt 0.489341 0.038267
vt 0.703945 0.038267
vt 0.910467 0.038267
vt 0.259157 0.079951
vt 0.013070 0.079951
vt 0.489341 0.079951
vt 0.703945 0.079951
vt 0.910467 0.079951
vt 0.259157 0.137149
vt 0.013070 0.137149
vt 0.489341 0.137149
vt 0.703945 0.137149
vt 0.910467 0.137149
vt 0.259157 0.211085
vt 0.013070 0.211085
vt 0.489341 0.211085
vt 0.703945 0.211085
vt 0.910467 0.211085
vt 0.259157 0.273976
vt 0.013070 0.273976
vt 0.489341 0.273976
vt 0.703945 0.273976
vt 0.910467 0.273976
vt 0.259157 0.318821
vt 0.013070 0.318821
vt 0.489341 0.318821
vt 0.703945 0.318821
vt 0.910467 0.318821
vt 0.259157 0.356664
vt 0.013070 0.356664
vt 0.489341 0.356664
vt 0.703945 0.356664
vt 0.910467 0.356664
vt 0.259157 0.404442
vt 0.013070 0.404442
vt 0.489341 0.404442
vt 0.703945 0.404442
vt 0.910467 0.404442
vt 0.259157 0.457368
vt 0.013070 0.457368
vt 0.489341 0.457368
vt 0.703945 0.457368
vt 0.910467 0.457368
vt 0.259157 0.507609
vt 0.013070 0.507609
vt 0.489341 0.507609
vt 0.703945 0.507609
vt 0.910467 0.507609
vt 0.259157 0.550919
vt 0.013070 0.550919
vt 0.489341 0.550919
vt 0.703945 0.550919
vt 0.910467 0.550919
vt 0.259157 0.623464
vt 0.013070 0.623464
vt 0.489341 0.623464
vt 0.703945 0.623464
vt 0.910467 0.623464
vt 0.259157 0.698354
vt 0.013070 0.698354
vt 0.489341 0.698354
vt 0.703945 0.698354
vt 0.910467 0.698354
vt 0.259157 0.772735
vt 0.013070 0.772735
vt 0.489341 0.772735
vt 0.703945 0.772735
vt 0.910467 0.772735
vt 0.013070 0.839837
vt 0.259157 0.839837
vt 0.259157 0.872838
vt 0.013070 0.872838
vt 0.489341 0.839837
vt 0.489341 0.872838
vt 0.703945 0.839837
vt 0.703945 0.872838
vt 0.910467 0.839837
vt 0.910467 0.872838
vt 0.259157 0.905805
vt 0.013070 0.905805
vt 0.489341 0.905805
vt 0.703945 0.905805
vt 0.910467 0.905805
vt 0.259157 0.935946
vt 0.013070 0.935946
vt 0.489341 0.935946
vt 0.703945 0.935946
vt 0.910467 0.935946
vt 0.259157 0.959945
vt 0.013070 0.959945
vt 0.489341 0.959945
vt 0.703945 0.959945
vt 0.910467 0.959945
vt 0.259157 0.986043
vt 0.013070 0.986043
vt 0.489341 0.986043
vt 0.703945 0.986043
vt 0.910467 0.986043
vt 0.973144 0.783473
vt 0.998914 0.772791
vt 0.998914 0.809209
vt 0.973198 0.834988
vt 0.998913 0.843509
vt 0.997205 0.919583
vt 0.944424 0.972221
vt 0.922653 0.919412
vt 0.944662 0.866755
vt 0.997205 0.848902
vt 0.997205 0.994117
vt 0.962491 0.809249
vt 0.259157 0.972994
vt 0.013070 0.972994
vt 0.013070 0.972994
vt 0.259157 0.972994
vt 0.489341 0.972994
vt 0.703945 0.972994
vt 0.910467 0.972994
vt 0.910467 0.972994
vt 0.703945 0.972994
vt 0.489341 0.972994
vn -0.185219 -0.629376 -0.754705
vn -0.602845 -0.782265 -0.156966
vn -0.763741 -0.508627 -0.397490
vn 0.010292 0.140699 -0.989999
vn -0.593783 -0.771857 0.227284
vn -0.744270 -0.621451 0.244664
vn -0.423341 -0.748062 0.511064
vn -0.480287 -0.559411 0.675562
vn -0.052425 -0.692584 0.719430
vn 0.167002 -0.240466 0.956183
vn -0.828192 -0.417660 -0.373709
vn -0.033997 0.226310 -0.973462
vn -0.796230 -0.537111 0.278439
vn -0.516191 -0.464339 0.719678
vn 0.177249 -0.097672 0.979307
vn -0.867734 -0.397739 -0.298062
vn -0.117499 0.124074 -0.985292
vn -0.825024 -0.465540 0.320323
vn -0.533904 -0.393451 0.748427
vn 0.178948 -0.075990 0.980920
vn -0.918155 -0.291726 -0.268118
vn -0.223349 0.005291 -0.974724
vn -0.880165 -0.309214 0.360133
vn -0.536904 -0.246562 0.806810
vn 0.216895 -0.027556 0.975806
vn -0.959957 -0.072299 -0.270656
vn -0.360810 -0.030769 -0.932132
vn -0.927493 -0.035318 0.372169
vn -0.537533 -0.020410 0.842996
vn 0.207588 0.022602 0.977955
vn -0.891623 0.238380 -0.384945
vn -0.346795 0.017656 -0.937775
vn -0.879910 0.346041 0.325598
vn -0.415163 0.288342 0.862843
vn 0.291509 0.091292 0.952202
vn -0.775604 0.408135 -0.481524
vn -0.328212 0.000682 -0.944604
vn -0.757251 0.609382 0.234999
vn -0.278090 0.488734 0.826925
vn 0.354603 0.112441 0.928232
vn -0.710658 0.468092 -0.525219
vn -0.349016 -0.046706 -0.935952
vn -0.664693 0.730393 0.157190
vn -0.212314 0.595173 0.775043
vn 0.363700 0.121366 0.923576
vn -0.695198 0.470679 -0.543287
vn -0.375910 -0.112789 -0.919766
vn -0.628127 0.770413 0.109177
vn -0.189851 0.642957 0.741999
vn 0.357664 0.126396 0.925257
vn -0.706089 0.435242 -0.558572
vn -0.374835 -0.178246 -0.909795
vn -0.635553 0.767044 0.087840
vn -0.188219 0.654536 0.732227
vn 0.364158 0.141594 0.920511
vn -0.745646 0.364450 -0.557842
vn -0.362264 -0.227187 -0.903964
vn -0.690297 0.715952 0.104416
vn -0.214721 0.631974 0.744650
vn 0.372012 0.168878 0.912736
vn -0.818863 0.242601 -0.520200
vn -0.369565 -0.264740 -0.890693
vn -0.791665 0.591996 0.151021
vn -0.283762 0.579498 0.763978
vn 0.363133 0.229099 0.903132
vn -0.864838 0.117864 -0.488020
vn -0.353189 -0.312658 -0.881761
vn -0.859276 0.468467 0.205387
vn -0.308809 0.520018 0.796378
vn 0.373842 0.265955 0.888544
vn -0.893061 0.028108 -0.449058
vn -0.362534 -0.335858 -0.869350
vn -0.897961 0.366850 0.243079
vn -0.342948 0.476315 0.809636
vn 0.365360 0.300301 0.881096
vn -0.908011 -0.031103 -0.417789
vn -0.378226 -0.378028 -0.845009
vn -0.914322 0.302319 0.269479
vn -0.363202 0.425865 0.828688
vn 0.350499 0.273375 0.895777
vn -0.394731 -0.449518 -0.801325
vn -0.919785 -0.105692 -0.377921
vn -0.924992 -0.193561 -0.326992
vn -0.410585 -0.530120 -0.741885
vn -0.926041 0.224749 0.303210
vn -0.931265 0.129533 0.340539
vn -0.379995 0.347099 0.857395
vn -0.396257 0.248813 0.883783
vn 0.329224 0.201410 0.922521
vn 0.300364 0.111662 0.947266
vn -0.924905 -0.188819 -0.329996
vn -0.409734 -0.525337 -0.745747
vn -0.931307 0.133381 0.338933
vn -0.396287 0.251703 0.882951
vn 0.300754 0.112824 0.947005
vn -0.904507 -0.013133 -0.426256
vn -0.373863 -0.360498 -0.854557
vn -0.910423 0.319924 0.262259
vn -0.362226 0.442002 0.820626
vn 0.354286 0.286842 0.890058
vn -0.775394 0.299997 -0.555667
vn -0.272198 -0.030666 -0.961752
vn -0.780129 0.618176 0.096217
vn -0.259569 0.735745 0.625542
vn 0.418182 0.576593 0.701901
vn -0.549733 0.569358 -0.611249
vn -0.137213 0.298365 -0.944537
vn -0.553169 0.829505 -0.076973
vn -0.124423 0.924424 0.360500
vn 0.430449 0.795259 0.426939
vn -0.205942 -0.965967 0.156510
vn 0.233503 0.876650 -0.420668
vn -0.020489 0.849692 -0.526881
vn -0.021897 0.940647 -0.338679
vn 0.132753 0.973961 -0.183784
vn 0.329568 0.932570 -0.147306
vn 0.124707 0.754598 -0.644229
vn 0.576776 0.472275 -0.666548
vn 0.634685 -0.193434 -0.748170
vn 0.805247 0.527188 -0.271384
vn 0.960377 -0.116747 -0.253075
vn 0.863572 0.395749 0.312451
vn 0.751969 -0.408858 0.517086
vn 0.544810 0.536250 -0.644684
vn 0.757405 0.589397 -0.280978
vn 0.825218 0.483904 0.291294
vn 0.553155 0.462741 -0.692741
vn 0.790752 0.527156 -0.311157
vn 0.855142 0.428108 0.292329
vn 0.555919 0.314229 -0.769554
vn 0.849045 0.392890 -0.353213
vn 0.901629 0.311056 0.300515
vn 0.502934 0.110939 -0.857176
vn 0.910021 0.171973 -0.377210
vn 0.910544 0.131874 0.391815
vn 0.427369 -0.165113 -0.888872
vn 0.916503 -0.220513 -0.333761
vn 0.871239 -0.120007 0.475963
vn 0.340723 -0.388796 -0.856005
vn 0.819135 -0.518835 -0.244597
vn 0.803114 -0.290204 0.520375
vn 0.249316 -0.547493 -0.798807
vn 0.702181 -0.693440 -0.161503
vn 0.729438 -0.390578 0.561577
vn 0.194008 -0.659234 -0.726478
vn 0.620589 -0.778881 -0.090636
vn 0.677753 -0.442175 0.587480
vn 0.204563 -0.699412 -0.684819
vn 0.624340 -0.778320 -0.066468
vn 0.684726 -0.432577 0.586538
vn 0.253389 -0.682191 -0.685864
vn 0.687582 -0.721299 -0.083426
vn 0.731292 -0.372290 0.571499
vn 0.305703 -0.616447 -0.725630
vn 0.785005 -0.603695 -0.138998
vn 0.800147 -0.243882 0.547983
vn 0.360293 -0.558136 -0.747444
vn 0.854201 -0.485978 -0.184841
vn 0.851232 -0.135326 0.507041
vn 0.375803 -0.510181 -0.773620
vn 0.890208 -0.396356 -0.224570
vn 0.874101 -0.046730 0.483491
vn 0.364696 -0.535232 -0.761921
vn 0.885556 -0.410627 -0.217200
vn 0.865992 -0.061029 0.496320
vn 0.310613 -0.682992 -0.661091
vn 0.341554 -0.605319 -0.718979
vn 0.816120 -0.562618 -0.131941
vn 0.857763 -0.481828 -0.179119
vn 0.796872 -0.223795 0.561169
vn 0.838395 -0.135515 0.527948
vn 0.312291 -0.678882 -0.664525
vn 0.817919 -0.559501 -0.134045
vn 0.798386 -0.221516 0.559920
vn 0.370354 -0.518116 -0.770969
vn 0.891281 -0.393744 -0.224910
vn 0.872229 -0.046975 0.486837
vn 0.434310 -0.179175 -0.882763
vn 0.928811 -0.058747 -0.365869
vn 0.911387 0.271921 0.308922
vn 0.442097 0.176488 -0.879433
vn 0.846700 0.275007 -0.455488
vn 0.831779 0.545664 0.101949
vn 0.470644 0.745548 -0.471860
vn 0.328436 0.711478 -0.621232
vn 0.463393 0.842993 -0.273183
s 1
g pCylinder6
usemtl initialShadingGroup
f 1/1/1 2/122/2 7/3/3 6/4/4
f 2/122/2 3/121/5 8/6/6 7/3/3
f 3/121/5 4/120/7 9/8/8 8/6/6
f 4/120/7 5/118/9 10/10/10 9/8/8
f 6/4/4 7/3/3 12/11/11 11/12/12
f 7/3/3 8/6/6 13/13/13 12/11/11
f 8/6/6 9/8/8 14/14/14 13/13/13
f 9/8/8 10/10/10 15/15/15 14/14/14
f 11/12/12 12/11/11 17/16/16 16/17/17
f 12/11/11 13/13/13 18/18/18 17/16/16
f 13/13/13 14/14/14 19/19/19 18/18/18
f 14/14/14 15/15/15 20/20/20 19/19/19
f 16/17/17 17/16/16 22/21/21 21/22/22
f 17/16/16 18/18/18 23/23/23 22/21/21
f 18/18/18 19/19/19 24/24/24 23/23/23
f 19/19/19 20/20/20 25/25/25 24/24/24
f 21/22/22 22/21/21 27/26/26 26/27/27
f 22/21/21 23/23/23 28/28/28 27/26/26
f 23/23/23 24/24/24 29/29/29 28/28/28
f 24/24/24 25/25/25 30/30/30 29/29/29
f 26/27/27 27/26/26 32/31/31 31/32/32
f 27/26/26 28/28/28 33/33/33 32/31/31
f 28/28/28 29/29/29 34/34/34 33/33/33
f 29/29/29 30/30/30 35/35/35 34/34/34
f 31/32/32 32/31/31 37/36/36 36/37/37
f 32/31/31 33/33/33 38/38/38 37/36/36
f 33/33/33 34/34/34 39/39/39 38/38/38
f 34/34/34 35/35/35 40/40/40 39/39/39
f 36/37/37 37/36/36 42/41/41 41/42/42
f 37/36/36 38/38/38 43/43/43 42/41/41
f 38/38/38 39/39/39 44/44/44 43/43/43
f 39/39/39 40/40/40 45/45/45 44/44/44
f 41/42/42 42/41/41 47/46/46 46/47/47
f 42/41/41 43/43/43 48/48/48 47/46/46
f 43/43/43 44/44/44 49/49/49 48/48/48
f 44/44/44 45/45/45 50/50/50 49/49/49
f 46/47/47 47/46/46 52/51/51 51/52/52
f 47/46/46 48/48/48 53/53/53 52/51/51
f 48/48/48 49/49/49 54/54/54 53/53/53
f 49/49/49 50/50/50 55/55/55 54/54/54
f 51/52/52 52/51/51 57/56/56 56/57/57
f 52/51/51 53/53/53 58/58/58 57/56/56
f 53/53/53 54/54/54 59/59/59 58/58/58
f 54/54/54 55/55/55 60/60/60 59/59/59
f 56/57/57 57/56/56 62/61/61 61/62/62
f 57/56/56 58/58/58 63/63/63 62/61/61
f 58/58/58 59/59/59 64/64/64 63/63/63
f 59/59/59 60/60/60 65/65/65 64/64/64
f 61/62/62 62/61/61 67/66/66 66/67/67
f 62/61/61 63/63/63 68/68/68 67/66/66
f 63/63/63 64/64/64 69/69/69 68/68/68
f 64/64/64 65/65/65 70/70/70 69/69/69
f 66/67/67 67/66/66 72/71/71 71/72/72
f 67/66/66 68/68/68 73/73/73 72/71/71
f 68/68/68 69/69/69 74/74/74 73/73/73
f 69/69/69 70/70/70 75/75/75 74/74/74
f 71/72/72 72/71/71 111/76/76 112/77/77
f 72/71/71 73/73/73 110/78/78 111/76/76
f 73/73/73 74/74/74 109/79/79 110/78/78
f 74/74/74 75/75/75 108/80/80 109/79/79
f 76/81/81 77/82/82 82/83/83 81/84/84
f 77/82/82 78/85/85 83/86/86 82/83/83
f 78/85/85 79/87/87 84/88/88 83/86/86
f 79/87/87 80/89/89 85/90/90 84/88/88
f 81/84/84 82/83/83 87/91/91 86/92/92
f 82/83/83 83/86/86 88/93/93 87/91/91
f 83/86/86 84/88/88 89/94/94 88/93/93
f 84/88/88 85/90/90 90/95/95 89/94/94
f 86/92/92 87/91/91 92/96/96 91/97/97
f 87/91/91 88/93/93 93/98/98 92/96/96
f 88/93/93 89/94/94 94/99/99 93/98/98
f 89/94/94 90/95/95 95/100/100 94/99/99
f 91/97/97 92/96/96 97/101/101 96/102/102
f 92/96/96 93/98/98 98/103/103 97/101/101
f 93/98/98 94/99/99 99/104/104 98/103/103
f 94/99/99 95/100/100 100/105/105 99/104/104
f 96/102/102 97/101/101 179/245/106 180/247/107
f 97/101/101 98/103/103 186/254/108 179/245/106
f 98/103/103 99/104/104 185/253/109 186/254/108
f 99/104/104 100/105/105 184/251/110 185/253/109
f 2/2/2 1/119/1 106/111/111
f 4/7/7 106/111/111 5/9/9
f 107/112/112 102/106/113 103/108/114
f 107/112/112 103/108/114 104/109/115
f 109/79/79 108/80/80 80/89/89 79/87/87
f 110/78/78 109/79/79 79/87/87 78/85/85
f 111/76/76 110/78/78 78/85/85 77/82/82
f 112/77/77 111/76/76 77/82/82 76/81/81
f 107/112/112 104/109/115 105/113/116
f 107/112/112 101/107/117 102/106/113
f 2/2/2 106/111/111 3/5/5
f 4/7/7 3/5/5 106/111/111
f 1/123/1 6/126/4 116/125/118 113/124/119
f 113/124/119 116/125/118 117/128/120 114/127/121
f 114/127/121 117/128/120 118/130/122 115/129/123
f 115/129/123 118/130/122 10/132/10 5/131/9
f 6/126/4 11/134/12 119/133/124 116/125/118
f 116/125/118 119/133/124 120/135/125 117/128/120
f 117/128/120 120/135/125 121/136/126 118/130/122
f 118/130/122 121/136/126 15/137/15 10/132/10
f 11/134/12 16/139/17 122/138/127 119/133/124
f 119/133/124 122/138/127 123/140/128 120/135/125
f 120/135/125 123/140/128 124/141/129 121/136/126
f 121/136/126 124/141/129 20/142/20 15/137/15
f 16/139/17 21/144/22 125/143/130 122/138/127
f 122/138/127 125/143/130 126/145/131 123/140/128
f 123/140/128 126/145/131 127/146/132 124/141/129
f 124/141/129 127/146/132 25/147/25 20/142/20
f 21/144/22 26/149/27 128/148/133 125/143/130
f 125/143/130 128/148/133 129/150/134 126/145/131
f 126/145/131 129/150/134 130/151/135 127/146/132
f 127/146/132 130/151/135 30/152/30 25/147/25
f 26/149/27 31/154/32 131/153/136 128/148/133
f 128/148/133 131/153/136 132/155/137 129/150/134
f 129/150/134 132/155/137 133/156/138 130/151/135
f 130/151/135 133/156/138 35/157/35 30/152/30
f 31/154/32 36/159/37 134/158/139 131/153/136
f 131/153/136 134/158/139 135/160/140 132/155/137
f 132/155/137 135/160/140 136/161/141 133/156/138
f 133/156/138 136/161/141 40/162/40 35/157/35
f 36/159/37 41/164/42 137/163/142 134/158/139
f 134/158/139 137/163/142 138/165/143 135/160/140
f 135/160/140 138/165/143 139/166/144 136/161/141
f 136/161/141 139/166/144 45/167/45 40/162/40
f 41/164/42 46/169/47 140/168/145 137/163/142
f 137/163/142 140/168/145 141/170/146 138/165/143
f 138/165/143 141/170/146 142/171/147 139/166/144
f 139/166/144 142/171/147 50/172/50 45/167/45
f 46/169/47 51/174/52 143/173/148 140/168/145
f 140/168/145 143/173/148 144/175/149 141/170/146
f 141/170/146 144/175/149 145/176/150 142/171/147
f 142/171/147 145/176/150 55/177/55 50/172/50
f 51/174/52 56/179/57 146/178/151 143/173/148
f 143/173/148 146/178/151 147/180/152 144/175/149
f 144/175/149 147/180/152 148/181/153 145/176/150
f 145/176/150 148/181/153 60/182/60 55/177/55
f 56/179/57 61/184/62 149/183/154 146/178/151
f 146/178/151 149/183/154 150/185/155 147/180/152
f 147/180/152 150/185/155 151/186/156 148/181/153
f 148/181/153 151/186/156 65/187/65 60/182/60
f 61/184/62 66/189/67 152/188/157 149/183/154
f 149/183/154 152/188/157 153/190/158 150/185/155
f 150/185/155 153/190/158 154/191/159 151/186/156
f 151/186/156 154/191/159 70/192/70 65/187/65
f 66/189/67 71/194/72 155/193/160 152/188/157
f 152/188/157 155/193/160 156/195/161 153/190/158
f 153/190/158 156/195/161 157/196/162 154/191/159
f 154/191/159 157/196/162 75/197/75 70/192/70
f 71/194/72 112/199/77 178/198/163 155/193/160
f 155/193/160 178/198/163 177/200/164 156/195/161
f 156/195/161 177/200/164 176/201/165 157/196/162
f 157/196/162 176/201/165 108/202/80 75/197/75
f 76/203/81 81/206/84 161/205/166 158/204/167
f 158/204/167 161/205/166 162/208/168 159/207/169
f 159/207/169 162/208/168 163/210/170 160/209/171
f 160/209/171 163/210/170 85/212/90 80/211/89
f 81/206/84 86/214/92 164/213/172 161/205/166
f 161/205/166 164/213/172 165/215/173 162/208/168
f 162/208/168 165/215/173 166/216/174 163/210/170
f 163/210/170 166/216/174 90/217/95 85/212/90
f 86/214/92 91/219/97 167/218/175 164/213/172
f 164/213/172 167/218/175 168/220/176 165/215/173
f 165/215/173 168/220/176 169/221/177 166/216/174
f 166/216/174 169/221/177 95/222/100 90/217/95
f 91/219/97 96/224/102 170/223/178 167/218/175
f 167/218/175 170/223/178 171/225/179 168/220/176
f 168/220/176 171/225/179 172/226/180 169/221/177
f 169/221/177 172/226/180 100/227/105 95/222/100
f 96/224/102 180/246/107 181/248/181 170/223/178
f 170/223/178 181/248/181 182/249/182 171/225/179
f 171/225/179 182/249/182 183/250/183 172/226/180
f 172/226/180 183/250/183 184/252/110 100/227/105
f 113/233/119 106/235/111 1/234/1
f 115/236/123 5/237/9 106/235/111
f 107/238/112 174/240/184 173/239/185
f 107/238/112 175/241/186 174/240/184
f 176/201/165 160/209/171 80/211/89 108/202/80
f 177/200/164 159/207/169 160/209/171 176/201/165
f 178/198/163 158/204/167 159/207/169 177/200/164
f 112/199/77 76/203/81 158/204/167 178/198/163
f 107/238/112 105/242/116 175/241/186
f 107/238/112 173/239/185 101/243/117
f 113/233/119 114/244/121 106/235/111
f 115/236/123 106/235/111 114/244/121
f 180/247/107 179/245/106 102/117/113 101/114/117
f 181/248/181 180/246/107 101/229/117 173/228/185
f 182/249/182 181/248/181 173/228/185 174/230/184
f 183/250/183 182/249/182 174/230/184 175/231/186
f 184/252/110 183/250/183 175/231/186 105/232/116
f 185/253/109 184/251/110 105/110/116 104/115/115
f 186/254/108 185/253/109 104/115/115 103/116/114
f 179/245/106 186/254/108 103/116/114 102/117/113
g default
v 12.620868 -9.548580 6.697852
v 10.335912 -9.548580 7.644312
v 9.389452 -9.548580 9.929269
v 10.335912 -9.548580 12.214226
v 12.620868 -9.548580 12.953085
v 13.639394 -5.539807 4.966629
v 10.245603 -5.539807 6.372383
v 8.839851 -5.539807 9.766172
v 10.245604 -5.539807 13.159961
v 13.639394 -5.539807 14.257370
v 16.252980 4.884682 4.570276
v 12.874864 4.884682 5.969537
v 11.475603 4.884682 9.347653
v 12.874864 4.884682 12.725770
v 16.252980 4.884682 13.818110
v 20.459681 23.104560 4.377468
v 17.421554 23.104560 5.635899
v 16.163123 23.104560 8.674027
v 17.421554 23.104560 11.712154
v 20.459681 23.104560 12.694557
v 24.877507 48.468458 3.766257
v 21.907423 48.468458 4.996508
v 20.677173 48.468458 7.966592
v 21.907423 48.468458 10.936677
v 24.877507 48.468458 11.897077
v 27.119662 82.183683 4.017072
v 24.580812 82.183683 5.068702
v 23.529181 82.183683 7.607553
v 24.580812 82.183683 10.146404
v 27.119662 82.183683 10.967362
v 25.335589 111.853942 5.033393
v 23.333462 111.853942 5.862703
v 22.504152 111.853942 7.864831
v 23.333462 111.853942 9.866959
v 25.335589 111.853942 10.514363
v 20.666826 133.949263 6.006355
v 19.046173 133.949263 6.677651
v 18.374878 133.949263 8.298302
v 19.046173 133.949263 9.918955
v 20.666826 133.949263 10.443005
v 14.482290 153.219650 6.943506
v 13.181366 153.219650 7.482368
v 12.642505 153.219650 8.783292
v 13.181366 153.219650 10.084215
v 14.482290 153.219650 10.504879
v 4.655976 178.111828 7.727044
v 3.408639 178.111828 8.243708
v 2.870069 178.117712 9.494552
v 3.408639 178.111828 10.738383
v 4.655976 178.111828 11.141720
v -7.097026 205.931543 8.294639
v -8.501643 205.931543 8.876451
v -9.121099 205.941631 10.287097
v -8.501643 205.931543 11.685685
v -7.092862 205.930366 12.139211
v -17.009805 232.000790 8.738808
v -18.562805 232.008030 9.375151
v -19.194780 232.008069 10.900873
v -18.562805 232.008030 12.426597
v -17.009805 232.000790 12.915585
v -23.192081 253.821611 8.929863
v -24.842596 253.826447 9.608908
v -25.518714 253.826447 11.241199
v -24.842596 253.826447 12.873491
v -23.192081 253.821611 13.398379
v -29.856926 294.359200 6.993783
v -31.457556 294.209942 7.723409
v -32.124120 294.157347 9.403158
v -31.467135 294.232095 11.039744
v -29.861463 294.386240 11.527462
v -28.530212 330.742901 4.946071
v -30.331296 330.445511 5.693083
v -31.030823 330.359666 7.415638
v -30.239834 330.545380 9.149062
v -28.403492 330.862530 9.728253
v -11.671587 388.187639 1.847676
v -14.917430 388.081520 2.855684
v -16.139671 388.133146 5.514603
v -14.678715 388.338559 8.387352
v -11.363527 388.481686 9.541309
v -0.848272 402.096221 2.140095
v -5.430416 402.482541 3.653160
v -7.285625 402.686392 7.694690
v -5.347442 402.585258 11.944061
v -0.755391 402.220043 13.526984
v 9.057258 412.654095 2.644116
v 2.921942 413.370205 4.806588
v 0.386375 413.664411 10.482377
v 2.940351 413.331357 16.358144
v 9.068683 412.628263 18.447264
v 14.610256 424.936120 2.148661
v 7.285049 425.244607 5.007275
v 4.247528 425.389435 12.094695
v 7.285060 425.244607 19.272603
v 14.610269 424.936041 21.674834
v 16.499442 436.973349 3.537288
v 10.208287 436.980035 6.128147
v 7.608447 436.972993 12.379526
v 10.211334 436.959622 18.620419
v 16.491842 436.856015 20.704851
v 17.060090 449.376546 10.190980
v 15.520986 449.374330 10.829611
v 14.886078 449.368357 12.368679
v 15.522252 449.362660 13.901795
v 17.060100 449.339043 14.411214
v 12.045813 -11.749030 10.021354
v 17.019232 450.654759 12.362815
v -23.763353 364.978688 7.273786
v -25.931512 364.601802 6.556135
v -26.867903 364.324884 4.650402
v -26.070967 364.385707 2.821161
v -23.964264 364.729323 2.061435
v 14.905825 -9.548580 7.644312
v 15.852285 -9.548580 9.929269
v 14.905825 -9.548580 12.214226
v 17.033184 -5.539807 6.372383
v 18.438936 -5.539807 9.766172
v 17.033183 -5.539807 13.159961
v 19.631095 4.884682 5.969537
v 21.030357 4.884682 9.347653
v 19.631095 4.884682 12.725770
v 23.497808 23.104560 5.635899
v 24.756239 23.104560 8.674027
v 23.497808 23.104560 11.712154
v 27.847591 48.468458 4.996508
v 29.077841 48.468458 7.966592
v 27.847591 48.468458 10.936677
v 29.658513 82.183683 5.068702
v 30.710144 82.183683 7.607553
v 29.658513 82.183683 10.146404
v 27.337716 111.853942 5.862703
v 28.167026 111.853942 7.864831
v 27.337716 111.853942 9.866959
v 22.287478 133.949263 6.677651
v 22.958774 133.949263 8.298302
v 22.287478 133.949263 9.918955
v 15.783214 153.219650 7.482368
v 16.322075 153.219650 8.783292
v 15.783214 153.219650 10.084215
v 5.920253 178.107288 8.240994
v 6.436917 178.107288 9.488332
v 5.920253 178.107288 10.735669
v -5.688245 205.930366 8.875782
v -5.068998 205.920436 10.274408
v -5.650810 205.920436 11.679025
v -15.455655 231.993274 9.366234
v -14.823679 231.993274 10.891957
v -15.455655 231.993274 12.417681
v -21.540593 253.816340 9.602923
v -20.864480 253.816399 11.235211
v -21.540593 253.816340 12.867506
v -28.260335 294.520663 7.637729
v -27.610676 294.602255 9.270957
v -28.266400 294.543034 10.939698
v -26.655032 331.044445 5.637758
v -25.826582 331.186722 7.399997
v -26.559760 331.114604 9.179761
v -8.272664 388.295815 3.140033
v -6.760963 388.377189 6.064390
v -8.050640 388.459909 8.864405
v 3.774664 401.730452 4.059941
v 5.712588 401.600894 8.318965
v 3.842320 401.795172 12.412017
v 15.179480 411.976319 5.248651
v 17.715626 411.697937 11.106143
v 15.194209 411.943642 16.798235
v 21.905596 424.708691 5.172460
v 24.917400 424.636890 12.326534
v 21.908857 424.699869 19.440578
v 22.788905 436.957921 6.130915
v 25.386781 436.942651 12.383410
v 22.785849 436.937706 18.623191
v 18.599212 449.374251 10.829612
v 19.234039 449.368357 12.368679
v 18.597947 449.362581 13.901790
v -21.593529 365.262232 6.734378
v -20.755540 365.305490 4.809598
v -21.740680 365.097564 2.860462
v 12.838134 447.112741 8.163318
v 17.060307 447.117053 6.414810
v 21.306340 447.101348 8.164708
v 23.045207 447.086553 12.379482
v 21.271891 447.080658 16.577735
v 17.060307 447.016690 17.973809
v 12.841450 447.083071 16.577469
v 11.099272 447.098064 12.378091
vt 0.013070 0.005073
vt 0.973144 0.783473
vt 0.259157 0.014298
vt 0.013070 0.014298
vt 0.962491 0.809249
vt 0.489341 0.014298
vt 0.973198 0.834988
vt 0.703945 0.014298
vt 0.998913 0.843509
vt 0.910467 0.014298
vt 0.259157 0.038267
vt 0.013070 0.038267
vt 0.489341 0.038267
vt 0.703945 0.038267
vt 0.910467 0.038267
vt 0.259157 0.079951
vt 0.013070 0.079951
vt 0.489341 0.079951
vt 0.703945 0.079951
vt 0.910467 0.079951
vt 0.259157 0.137149
vt 0.013070 0.137149
vt 0.489341 0.137149
vt 0.703945 0.137149
vt 0.910467 0.137149
vt 0.259157 0.211085
vt 0.013070 0.211085
vt 0.489341 0.211085
vt 0.703945 0.211085
vt 0.910467 0.211085
vt 0.259157 0.273976
vt 0.013070 0.273976
vt 0.489341 0.273976
vt 0.703945 0.273976
vt 0.910467 0.273976
vt 0.259157 0.318821
vt 0.013070 0.318821
vt 0.489341 0.318821
vt 0.703945 0.318821
vt 0.910467 0.318821
vt 0.259157 0.356664
vt 0.013070 0.356664
vt 0.489341 0.356664
vt 0.703945 0.356664
vt 0.910467 0.356664
vt 0.259157 0.404442
vt 0.013070 0.404442
vt 0.489341 0.404442
vt 0.703945 0.404442
vt 0.910467 0.404442
vt 0.259157 0.457368
vt 0.013070 0.457368
vt 0.489341 0.457368
vt 0.703945 0.457368
vt 0.910467 0.457368
vt 0.259157 0.507609
vt 0.013070 0.507609
vt 0.489341 0.507609
vt 0.703945 0.507609
vt 0.910467 0.507609
vt 0.259157 0.550919
vt 0.013070 0.550919
vt 0.489341 0.550919
vt 0.703945 0.550919
vt 0.910467 0.550919
vt 0.259157 0.623464
vt 0.013070 0.623464
vt 0.489341 0.623464
vt 0.703945 0.623464
vt 0.910467 0.623464
vt 0.259157 0.698354
vt 0.013070 0.698354
vt 0.489341 0.698354
vt 0.703945 0.698354
vt 0.910467 0.698354
vt 0.259157 0.772735
vt 0.013070 0.772735
vt 0.489341 0.772735
vt 0.703945 0.772735
vt 0.910467 0.772735
vt 0.013070 0.839837
vt 0.259157 0.839837
vt 0.259157 0.872838
vt 0.013070 0.872838
vt 0.489341 0.839837
vt 0.489341 0.872838
vt 0.703945 0.839837
vt 0.703945 0.872838
vt 0.910467 0.839837
vt 0.910467 0.872838
vt 0.259157 0.905805
vt 0.013070 0.905805
vt 0.489341 0.905805
vt 0.703945 0.905805
vt 0.910467 0.905805
vt 0.259157 0.935946
vt 0.013070 0.935946
vt 0.489341 0.935946
vt 0.703945 0.935946
vt 0.910467 0.935946
vt 0.259157 0.959945
vt 0.013070 0.959945
vt 0.489341 0.959945
vt 0.703945 0.959945
vt 0.910467 0.959945
vt 0.944424 0.972221
vt 0.997205 0.994117
vt 0.922653 0.919412
vt 0.944662 0.866755
vt 0.910467 0.986043
vt 0.998914 0.809209
vt 0.997205 0.919583
vt 0.997205 0.848902
vt 0.013070 0.986043
vt 0.703945 0.986043
vt 0.489341 0.986043
vt 0.259157 0.986043
vt 0.910467 0.005073
vt 0.998914 0.772791
vt 0.703945 0.005073
vt 0.489341 0.005073
vt 0.259157 0.005073
vt 0.013070 0.005073
vt 0.259157 0.005073
vt 0.259157 0.014298
vt 0.013070 0.014298
vt 0.489341 0.005073
vt 0.489341 0.014298
vt 0.703945 0.005073
vt 0.703945 0.014298
vt 0.910467 0.005073
vt 0.910467 0.014298
vt 0.259157 0.038267
vt 0.013070 0.038267
vt 0.489341 0.038267
vt 0.703945 0.038267
vt 0.910467 0.038267
vt 0.259157 0.079951
vt 0.013070 0.079951
vt 0.489341 0.079951
vt 0.703945 0.079951
vt 0.910467 0.079951
vt 0.259157 0.137149
vt 0.013070 0.137149
vt 0.489341 0.137149
vt 0.703945 0.137149
vt 0.910467 0.137149
vt 0.259157 0.211085
vt 0.013070 0.211085
vt 0.489341 0.211085
vt 0.703945 0.211085
vt 0.910467 0.211085
vt 0.259157 0.273976
vt 0.013070 0.273976
vt 0.489341 0.273976
vt 0.703945 0.273976
vt 0.910467 0.273976
vt 0.259157 0.318821
vt 0.013070 0.318821
vt 0.489341 0.318821
vt 0.703945 0.318821
vt 0.910467 0.318821
vt 0.259157 0.356664
vt 0.013070 0.356664
vt 0.489341 0.356664
vt 0.703945 0.356664
vt 0.910467 0.356664
vt 0.259157 0.404442
vt 0.013070 0.404442
vt 0.489341 0.404442
vt 0.703945 0.404442
vt 0.910467 0.404442
vt 0.259157 0.457368
vt 0.013070 0.457368
vt 0.489341 0.457368
vt 0.703945 0.457368
vt 0.910467 0.457368
vt 0.259157 0.507609
vt 0.013070 0.507609
vt 0.489341 0.507609
vt 0.703945 0.507609
vt 0.910467 0.507609
vt 0.259157 0.550919
vt 0.013070 0.550919
vt 0.489341 0.550919
vt 0.703945 0.550919
vt 0.910467 0.550919
vt 0.259157 0.623464
vt 0.013070 0.623464
vt 0.489341 0.623464
vt 0.703945 0.623464
vt 0.910467 0.623464
vt 0.259157 0.698354
vt 0.013070 0.698354
vt 0.489341 0.698354
vt 0.703945 0.698354
vt 0.910467 0.698354
vt 0.259157 0.772735
vt 0.013070 0.772735
vt 0.489341 0.772735
vt 0.703945 0.772735
vt 0.910467 0.772735
vt 0.013070 0.839837
vt 0.259157 0.839837
vt 0.259157 0.872838
vt 0.013070 0.872838
vt 0.489341 0.839837
vt 0.489341 0.872838
vt 0.703945 0.839837
vt 0.703945 0.872838
vt 0.910467 0.839837
vt 0.910467 0.872838
vt 0.259157 0.905805
vt 0.013070 0.905805
vt 0.489341 0.905805
vt 0.703945 0.905805
vt 0.910467 0.905805
vt 0.259157 0.935946
vt 0.013070 0.935946
vt 0.489341 0.935946
vt 0.703945 0.935946
vt 0.910467 0.935946
vt 0.259157 0.959945
vt 0.013070 0.959945
vt 0.489341 0.959945
vt 0.703945 0.959945
vt 0.910467 0.959945
vt 0.259157 0.986043
vt 0.013070 0.986043
vt 0.489341 0.986043
vt 0.703945 0.986043
vt 0.910467 0.986043
vt 0.973144 0.783473
vt 0.998914 0.772791
vt 0.998914 0.809209
vt 0.973198 0.834988
vt 0.998913 0.843509
vt 0.997205 0.919583
vt 0.944424 0.972221
vt 0.922653 0.919412
vt 0.944662 0.866755
vt 0.997205 0.848902
vt 0.997205 0.994117
vt 0.962491 0.809249
vt 0.259157 0.972994
vt 0.013070 0.972994
vt 0.013070 0.972994
vt 0.259157 0.972994
vt 0.489341 0.972994
vt 0.703945 0.972994
vt 0.910467 0.972994
vt 0.910467 0.972994
vt 0.703945 0.972994
vt 0.489341 0.972994
vn -0.032949 -0.495490 -0.867988
vn -0.681201 -0.361160 -0.636811
vn -0.723938 0.062350 -0.687042
vn -0.031696 -0.117403 -0.992578
vn -0.959193 -0.282676 0.006589
vn -0.988047 0.154069 0.005012
vn -0.666440 -0.317957 0.674360
vn -0.695551 0.110499 0.709928
vn -0.028813 -0.423340 0.905513
vn -0.025464 -0.037462 0.998974
vn -0.705014 0.158112 -0.691343
vn -0.011955 -0.018519 -0.999757
vn -0.968865 0.247582 0.001847
vn -0.674788 0.204373 0.709149
vn -0.009585 0.055986 0.998386
vn -0.700988 0.130513 -0.701129
vn 0.000214 -0.019648 -0.999807
vn -0.977785 0.209613 -0.000009
vn -0.673082 0.171002 0.719527
vn 0.000149 0.043540 0.999052
vn -0.699137 0.078394 -0.710677
vn 0.010067 -0.009455 -0.999905
vn -0.991899 0.127022 -0.001575
vn -0.674723 0.102968 0.730854
vn 0.008066 0.027143 0.999599
vn -0.697890 0.028829 -0.715625
vn 0.015557 0.018387 -0.999710
vn -0.999391 0.034820 -0.002349
vn -0.675149 0.032292 0.736974
vn 0.012453 0.022216 0.999676
vn -0.701282 -0.046818 -0.711345
vn 0.009678 0.041250 -0.999102
vn -0.995687 -0.092771 -0.000424
vn -0.676410 -0.062961 0.733829
vn 0.007799 0.013551 0.999878
vn -0.699635 -0.139750 -0.700701
vn 0.001404 0.049553 -0.998771
vn -0.973351 -0.229321 0.000314
vn -0.672911 -0.164731 0.721148
vn 0.001147 0.003560 0.999993
vn -0.683358 -0.215140 -0.697665
vn 0.012483 0.047039 -0.998815
vn -0.943485 -0.331414 -0.000698
vn -0.654755 -0.243447 0.715562
vn 0.010632 -0.008833 0.999905
vn -0.675147 -0.260118 -0.690301
vn 0.009372 0.030676 -0.999485
vn -0.923701 -0.383114 -0.000490
vn -0.644859 -0.287503 0.708166
vn 0.009189 -0.026376 0.999610
vn -0.679569 -0.262203 -0.685154
vn -0.003811 0.015163 -0.999878
vn -0.926424 -0.376481 0.000451
vn -0.649487 -0.285730 0.704645
vn -0.000163 -0.034393 0.999408
vn -0.693101 -0.225102 -0.684792
vn -0.016380 0.003843 -0.999858
vn -0.947577 -0.319524 0.001133
vn -0.665325 -0.242661 0.706016
vn -0.009369 -0.032306 0.999434
vn -0.703378 -0.164665 -0.691480
vn -0.004527 -0.031766 -0.999485
vn -0.979858 -0.199549 0.007641
vn -0.667938 -0.119928 0.734490
vn 0.013262 0.022784 0.999652
vn -0.722648 -0.084751 -0.686001
vn -0.035413 -0.053575 -0.997936
vn -0.997494 -0.070500 0.005924
vn -0.691890 -0.013531 0.721876
vn -0.009823 0.048049 0.998797
vn -0.708671 0.006862 -0.705505
vn -0.010618 -0.068876 -0.997569
vn -0.996899 0.075549 0.022036
vn -0.674123 0.100527 0.731746
vn -0.026829 0.065922 0.997464
vn -0.678763 0.159089 -0.716918
vn -0.012385 -0.027247 -0.999552
vn -0.967869 0.251345 0.007490
vn -0.678709 0.211922 0.703166
vn -0.073540 0.031000 0.996810
vn 0.022401 0.005417 -0.999734
vn -0.610638 0.357188 -0.706780
vn -0.567485 0.458251 -0.684081
vn 0.023130 0.026342 -0.999385
vn -0.887815 0.460200 0.000374
vn -0.836803 0.547440 -0.008375
vn -0.651230 0.266694 0.710474
vn -0.656190 0.246038 0.713359
vn -0.070715 -0.132561 0.988649
vn -0.085915 -0.288769 0.953536
vn -0.599193 0.360415 -0.714891
vn 0.046277 -0.053511 -0.997494
vn -0.897915 0.440138 0.005304
vn -0.653233 0.095894 0.751060
vn -0.041605 -0.310042 0.949812
vn -0.649091 0.234820 -0.723561
vn 0.051202 0.014299 -0.998586
vn -0.957002 0.289743 0.014010
vn -0.642357 0.116251 0.757538
vn 0.007261 -0.092435 0.995692
vn -0.665621 0.260366 -0.699398
vn 0.025054 0.172871 -0.984626
vn -0.955894 0.293687 0.003697
vn -0.645896 0.242288 0.723958
vn 0.013311 0.150131 0.988577
vn -0.641903 0.399697 -0.654372
vn 0.010866 0.370196 -0.928890
vn -0.910834 0.412773 0.000732
vn -0.619274 0.397180 0.677309
vn 0.008846 0.355555 0.934614
vn -0.043611 -0.999036 0.005126
vn -0.004307 0.999984 0.003750
vn -0.364126 0.858276 -0.361627
vn -0.514407 0.857541 0.003023
vn -0.345092 0.856427 0.383984
vn 0.000377 0.838102 0.545514
vn 0.001200 0.858473 -0.512857
vn 0.667163 -0.273738 -0.692792
vn 0.555985 -0.595398 -0.579984
vn 0.949266 -0.314437 0.004811
vn 0.785069 -0.619393 0.004397
vn 0.646881 -0.213672 0.732045
vn 0.546393 -0.555952 0.626396
vn 0.691370 -0.173931 -0.701253
vn 0.976657 -0.214798 0.001868
vn 0.670814 -0.114738 0.732696
vn 0.699439 -0.147900 -0.699222
vn 0.983406 -0.181416 -0.000042
vn 0.679973 -0.099431 0.726464
vn 0.708927 -0.082310 -0.700463
vn 0.994853 -0.101320 -0.001612
vn 0.689067 -0.055015 0.722606
vn 0.713693 0.009737 -0.700391
vn 0.999968 0.007668 -0.002425
vn 0.693643 0.013609 0.720191
vn 0.706953 0.115501 -0.697766
vn 0.990487 0.137606 -0.000418
vn 0.685921 0.096122 0.721300
vn 0.691317 0.215299 -0.689730
vn 0.963703 0.266976 0.000317
vn 0.672531 0.181063 0.717578
vn 0.684612 0.276758 -0.674323
vn 0.937820 0.347122 -0.000649
vn 0.671085 0.235964 0.702827
vn 0.676726 0.293710 -0.675112
vn 0.926687 0.375818 -0.003362
vn 0.665269 0.249905 0.703537
vn 0.671907 0.280329 -0.685533
vn 0.929883 0.367817 -0.005267
vn 0.658121 0.237652 0.714421
vn 0.676160 0.233851 -0.698657
vn 0.949233 0.314568 -0.001981
vn 0.657076 0.197935 0.727374
vn 0.705588 0.125766 -0.697372
vn 0.979375 0.201855 0.008913
vn 0.676536 0.152967 0.720347
vn 0.689052 0.005857 -0.724689
vn 0.998145 0.060621 -0.005653
vn 0.673680 0.079191 0.734768
vn 0.675724 -0.115938 -0.727980
vn 0.994672 -0.101636 -0.017254
vn 0.660043 -0.015464 0.751068
vn 0.628092 -0.242003 -0.739550
vn 0.931674 -0.361507 -0.036018
vn 0.605602 -0.223611 0.763704
vn 0.560911 -0.499806 -0.659980
vn 0.600120 -0.404650 -0.690010
vn 0.676566 -0.736318 -0.009709
vn 0.787092 -0.616613 -0.016572
vn 0.429477 -0.664547 0.611496
vn 0.516680 -0.509494 0.688083
vn 0.618981 -0.446120 -0.646405
vn 0.794745 -0.606932 0.003799
vn 0.523291 -0.560921 0.641509
vn 0.707466 -0.186923 -0.681580
vn 0.960907 -0.276697 0.009789
vn 0.659357 -0.239470 0.712673
vn 0.711076 0.094385 -0.696751
vn 0.997996 0.063256 0.001357
vn 0.687652 0.091195 0.720290
vn 0.668591 0.342581 -0.660019
vn 0.943229 0.332136 0.002097
vn 0.645887 0.342680 0.682203
vn 0.512849 0.858472 0.003530
vn 0.363717 0.858743 -0.360930
vn 0.345397 0.856665 0.383180
s 1
g pCylinder4
usemtl initialShadingGroup
f 187/255/187 188/376/188 193/257/189 192/258/190
f 188/376/188 189/375/191 194/260/192 193/257/189
f 189/375/191 190/374/193 195/262/194 194/260/192
f 190/374/193 191/372/195 196/264/196 195/262/194
f 192/258/190 193/257/189 198/265/197 197/266/198
f 193/257/189 194/260/192 199/267/199 198/265/197
f 194/260/192 195/262/194 200/268/200 199/267/199
f 195/262/194 196/264/196 201/269/201 200/268/200
f 197/266/198 198/265/197 203/270/202 202/271/203
f 198/265/197 199/267/199 204/272/204 203/270/202
f 199/267/199 200/268/200 205/273/205 204/272/204
f 200/268/200 201/269/201 206/274/206 205/273/205
f 202/271/203 203/270/202 208/275/207 207/276/208
f 203/270/202 204/272/204 209/277/209 208/275/207
f 204/272/204 205/273/205 210/278/210 209/277/209
f 205/273/205 206/274/206 211/279/211 210/278/210
f 207/276/208 208/275/207 213/280/212 212/281/213
f 208/275/207 209/277/209 214/282/214 213/280/212
f 209/277/209 210/278/210 215/283/215 214/282/214
f 210/278/210 211/279/211 216/284/216 215/283/215
f 212/281/213 213/280/212 218/285/217 217/286/218
f 213/280/212 214/282/214 219/287/219 218/285/217
f 214/282/214 215/283/215 220/288/220 219/287/219
f 215/283/215 216/284/216 221/289/221 220/288/220
f 217/286/218 218/285/217 223/290/222 222/291/223
f 218/285/217 219/287/219 224/292/224 223/290/222
f 219/287/219 220/288/220 225/293/225 224/292/224
f 220/288/220 221/289/221 226/294/226 225/293/225
f 222/291/223 223/290/222 228/295/227 227/296/228
f 223/290/222 224/292/224 229/297/229 228/295/227
f 224/292/224 225/293/225 230/298/230 229/297/229
f 225/293/225 226/294/226 231/299/231 230/298/230
f 227/296/228 228/295/227 233/300/232 232/301/233
f 228/295/227 229/297/229 234/302/234 233/300/232
f 229/297/229 230/298/230 235/303/235 234/302/234
f 230/298/230 231/299/231 236/304/236 235/303/235
f 232/301/233 233/300/232 238/305/237 237/306/238
f 233/300/232 234/302/234 239/307/239 238/305/237
f 234/302/234 235/303/235 240/308/240 239/307/239
f 235/303/235 236/304/236 241/309/241 240/308/240
f 237/306/238 238/305/237 243/310/242 242/311/243
f 238/305/237 239/307/239 244/312/244 243/310/242
f 239/307/239 240/308/240 245/313/245 244/312/244
f 240/308/240 241/309/241 246/314/246 245/313/245
f 242/311/243 243/310/242 248/315/247 247/316/248
f 243/310/242 244/312/244 249/317/249 248/315/247
f 244/312/244 245/313/245 250/318/250 249/317/249
f 245/313/245 246/314/246 251/319/251 250/318/250
f 247/316/248 248/315/247 253/320/252 252/321/253
f 248/315/247 249/317/249 254/322/254 253/320/252
f 249/317/249 250/318/250 255/323/255 254/322/254
f 250/318/250 251/319/251 256/324/256 255/323/255
f 252/321/253 253/320/252 258/325/257 257/326/258
f 253/320/252 254/322/254 259/327/259 258/325/257
f 254/322/254 255/323/255 260/328/260 259/327/259
f 255/323/255 256/324/256 261/329/261 260/328/260
f 257/326/258 258/325/257 297/330/262 298/331/263
f 258/325/257 259/327/259 296/332/264 297/330/262
f 259/327/259 260/328/260 295/333/265 296/332/264
f 260/328/260 261/329/261 294/334/266 295/333/265
f 262/335/267 263/336/268 268/337/269 267/338/270
f 263/336/268 264/339/271 269/340/272 268/337/269
f 264/339/271 265/341/273 270/342/274 269/340/272
f 265/341/273 266/343/275 271/344/276 270/342/274
f 267/338/270 268/337/269 273/345/277 272/346/278
f 268/337/269 269/340/272 274/347/279 273/345/277
f 269/340/272 270/342/274 275/348/280 274/347/279
f 270/342/274 271/344/276 276/349/281 275/348/280
f 272/346/278 273/345/277 278/350/282 277/351/283
f 273/345/277 274/347/279 279/352/284 278/350/282
f 274/347/279 275/348/280 280/353/285 279/352/284
f 275/348/280 276/349/281 281/354/286 280/353/285
f 277/351/283 278/350/282 283/355/287 282/356/288
f 278/350/282 279/352/284 284/357/289 283/355/287
f 279/352/284 280/353/285 285/358/290 284/357/289
f 280/353/285 281/354/286 286/359/291 285/358/290
f 282/356/288 283/355/287 365/499/292 366/501/293
f 283/355/287 284/357/289 372/508/294 365/499/292
f 284/357/289 285/358/290 371/507/295 372/508/294
f 285/358/290 286/359/291 370/505/296 371/507/295
f 188/256/188 187/373/187 292/365/297
f 190/261/193 292/365/297 191/263/195
f 293/366/298 288/360/299 289/362/300
f 293/366/298 289/362/300 290/363/301
f 295/333/265 294/334/266 266/343/275 265/341/273
f 296/332/264 295/333/265 265/341/273 264/339/271
f 297/330/262 296/332/264 264/339/271 263/336/268
f 298/331/263 297/330/262 263/336/268 262/335/267
f 293/366/298 290/363/301 291/367/302
f 293/366/298 287/361/303 288/360/299
f 188/256/188 292/365/297 189/259/191
f 190/261/193 189/259/191 292/365/297
f 187/377/187 192/380/190 302/379/304 299/378/305
f 299/378/305 302/379/304 303/382/306 300/381/307
f 300/381/307 303/382/306 304/384/308 301/383/309
f 301/383/309 304/384/308 196/386/196 191/385/195
f 192/380/190 197/388/198 305/387/310 302/379/304
f 302/379/304 305/387/310 306/389/311 303/382/306
f 303/382/306 306/389/311 307/390/312 304/384/308
f 304/384/308 307/390/312 201/391/201 196/386/196
f 197/388/198 202/393/203 308/392/313 305/387/310
f 305/387/310 308/392/313 309/394/314 306/389/311
f 306/389/311 309/394/314 310/395/315 307/390/312
f 307/390/312 310/395/315 206/396/206 201/391/201
f 202/393/203 207/398/208 311/397/316 308/392/313
f 308/392/313 311/397/316 312/399/317 309/394/314
f 309/394/314 312/399/317 313/400/318 310/395/315
f 310/395/315 313/400/318 211/401/211 206/396/206
f 207/398/208 212/403/213 314/402/319 311/397/316
f 311/397/316 314/402/319 315/404/320 312/399/317
f 312/399/317 315/404/320 316/405/321 313/400/318
f 313/400/318 316/405/321 216/406/216 211/401/211
f 212/403/213 217/408/218 317/407/322 314/402/319
f 314/402/319 317/407/322 318/409/323 315/404/320
f 315/404/320 318/409/323 319/410/324 316/405/321
f 316/405/321 319/410/324 221/411/221 216/406/216
f 217/408/218 222/413/223 320/412/325 317/407/322
f 317/407/322 320/412/325 321/414/326 318/409/323
f 318/409/323 321/414/326 322/415/327 319/410/324
f 319/410/324 322/415/327 226/416/226 221/411/221
f 222/413/223 227/418/228 323/417/328 320/412/325
f 320/412/325 323/417/328 324/419/329 321/414/326
f 321/414/326 324/419/329 325/420/330 322/415/327
f 322/415/327 325/420/330 231/421/231 226/416/226
f 227/418/228 232/423/233 326/422/331 323/417/328
f 323/417/328 326/422/331 327/424/332 324/419/329
f 324/419/329 327/424/332 328/425/333 325/420/330
f 325/420/330 328/425/333 236/426/236 231/421/231
f 232/423/233 237/428/238 329/427/334 326/422/331
f 326/422/331 329/427/334 330/429/335 327/424/332
f 327/424/332 330/429/335 331/430/336 328/425/333
f 328/425/333 331/430/336 241/431/241 236/426/236
f 237/428/238 242/433/243 332/432/337 329/427/334
f 329/427/334 332/432/337 333/434/338 330/429/335
f 330/429/335 333/434/338 334/435/339 331/430/336
f 331/430/336 334/435/339 246/436/246 241/431/241
f 242/433/243 247/438/248 335/437/340 332/432/337
f 332/432/337 335/437/340 336/439/341 333/434/338
f 333/434/338 336/439/341 337/440/342 334/435/339
f 334/435/339 337/440/342 251/441/251 246/436/246
f 247/438/248 252/443/253 338/442/343 335/437/340
f 335/437/340 338/442/343 339/444/344 336/439/341
f 336/439/341 339/444/344 340/445/345 337/440/342
f 337/440/342 340/445/345 256/446/256 251/441/251
f 252/443/253 257/448/258 341/447/346 338/442/343
f 338/442/343 341/447/346 342/449/347 339/444/344
f 339/444/344 342/449/347 343/450/348 340/445/345
f 340/445/345 343/450/348 261/451/261 256/446/256
f 257/448/258 298/453/263 364/452/349 341/447/346
f 341/447/346 364/452/349 363/454/350 342/449/347
f 342/449/347 363/454/350 362/455/351 343/450/348
f 343/450/348 362/455/351 294/456/266 261/451/261
f 262/457/267 267/460/270 347/459/352 344/458/353
f 344/458/353 347/459/352 348/462/354 345/461/355
f 345/461/355 348/462/354 349/464/356 346/463/357
f 346/463/357 349/464/356 271/466/276 266/465/275
f 267/460/270 272/468/278 350/467/358 347/459/352
f 347/459/352 350/467/358 351/469/359 348/462/354
f 348/462/354 351/469/359 352/470/360 349/464/356
f 349/464/356 352/470/360 276/471/281 271/466/276
f 272/468/278 277/473/283 353/472/361 350/467/358
f 350/467/358 353/472/361 354/474/362 351/469/359
f 351/469/359 354/474/362 355/475/363 352/470/360
f 352/470/360 355/475/363 281/476/286 276/471/281
f 277/473/283 282/478/288 356/477/364 353/472/361
f 353/472/361 356/477/364 357/479/365 354/474/362
f 354/474/362 357/479/365 358/480/366 355/475/363
f 355/475/363 358/480/366 286/481/291 281/476/286
f 282/478/288 366/500/293 367/502/367 356/477/364
f 356/477/364 367/502/367 368/503/368 357/479/365
f 357/479/365 368/503/368 369/504/369 358/480/366
f 358/480/366 369/504/369 370/506/296 286/481/291
f 299/487/305 292/489/297 187/488/187
f 301/490/309 191/491/195 292/489/297
f 293/492/298 360/494/370 359/493/371
f 293/492/298 361/495/372 360/494/370
f 362/455/351 346/463/357 266/465/275 294/456/266
f 363/454/350 345/461/355 346/463/357 362/455/351
f 364/452/349 344/458/353 345/461/355 363/454/350
f 298/453/263 262/457/267 344/458/353 364/452/349
f 293/492/298 291/496/302 361/495/372
f 293/492/298 359/493/371 287/497/303
f 299/487/305 300/498/307 292/489/297
f 301/490/309 292/489/297 300/498/307
f 366/501/293 365/499/292 288/371/299 287/368/303
f 367/502/367 366/500/293 287/483/303 359/482/371
f 368/503/368 367/502/367 359/482/371 360/484/370
f 369/504/369 368/503/368 360/484/370 361/485/372
f 370/506/296 369/504/369 361/485/372 291/486/302
f 371/507/295 370/505/296 291/364/302 290/369/301
f 372/508/294 371/507/295 290/369/301 289/370/300
f 365/499/292 372/508/294 289/370/300 288/371/299
g default
v 59.369729 -0.840261 22.325783
v 57.084772 -0.840261 23.272244
v 56.138312 -0.840261 25.557201
v 57.084772 -0.840261 27.842158
v 59.369729 -0.840261 28.581016
v 59.369729 1.186680 20.757658
v 55.975938 1.186680 22.163411
v 54.570186 1.186680 25.557201
v 55.975939 1.186680 28.950990
v 59.369729 1.186680 30.048398
v 59.145316 6.362583 20.788651
v 55.755381 6.360912 22.190998
v 54.358704 6.362218 25.570182
v 55.760538 6.360536 28.947229
v 59.139484 6.356877 30.036992
v 58.258420 15.146659 21.310514
v 55.225044 15.162117 22.580260
v 53.977959 15.167814 25.623057
v 55.247682 15.160416 28.656473
v 58.289407 15.144335 29.627543
v 56.128804 26.761302 21.534842
v 53.128755 26.789375 22.802442
v 51.933401 26.806623 25.786691
v 53.198051 26.783792 28.742203
v 56.222371 26.753771 29.665120
v 52.260972 41.140323 22.480047
v 49.695364 41.209825 23.606403
v 48.683441 41.230574 26.176486
v 49.804060 41.183522 28.685209
v 52.393705 41.097322 29.432747
v 48.213705 52.979452 23.785239
v 46.198277 53.077333 24.711302
v 45.426177 53.104955 26.753671
v 46.343895 53.042812 28.715867
v 48.404931 52.928667 29.267072
v 44.993537 61.310579 24.926633
v 43.371962 61.419824 25.701199
v 42.765874 61.449681 27.364636
v 43.530781 61.382232 28.941822
v 45.209267 61.258420 29.362165
v 42.189693 68.319903 26.030100
v 40.897702 68.430121 26.669840
v 40.428825 68.460777 28.011925
v 41.058553 68.393820 29.269594
v 42.408996 68.269850 29.588451
v 38.662937 77.208097 27.109091
v 37.477454 77.359255 27.737243
v 37.014210 77.381159 29.039878
v 37.637500 77.300215 30.234763
v 38.906050 77.137155 30.522387
v 34.972882 87.164954 28.210468
v 33.657741 87.371386 28.944798
v 33.174249 87.409301 30.421859
v 33.900260 87.296091 31.752853
v 35.329257 87.071769 32.047616
v 31.887695 96.764321 29.459521
v 30.446819 97.010509 30.294234
v 30.026582 97.091880 31.889226
v 30.813827 96.935045 33.326923
v 32.389762 96.660999 33.610293
v 29.680545 105.178549 30.612659
v 28.168196 105.477259 31.528218
v 27.747476 105.571912 33.241561
v 28.636661 105.394706 34.757959
v 30.293593 105.053189 35.042404
v 27.137654 119.578818 32.582854
v 25.534941 119.974329 33.623292
v 25.118968 120.090200 35.526226
v 26.133409 119.858552 37.176943
v 27.956828 119.420347 37.447044
v 26.192744 134.837102 34.417216
v 24.460845 135.320190 35.600231
v 24.071281 135.469434 37.695824
v 25.194776 135.167534 39.505865
v 27.197342 134.628158 39.763191
v 28.623507 164.722002 35.348612
v 25.871804 165.579449 37.324956
v 25.273757 165.814127 40.760112
v 27.179704 165.288586 43.641809
v 30.413745 164.323873 43.995035
v 29.641031 171.929174 34.096946
v 25.940518 173.087210 36.760115
v 25.139505 173.403718 41.384560
v 27.707215 172.693294 45.261350
v 32.059192 171.389673 45.733447
v 30.709639 179.126910 32.341895
v 25.796880 180.664295 35.877487
v 24.733466 181.084488 42.016856
v 28.142556 180.141558 47.163367
v 33.919963 178.410157 47.791086
v 32.131612 187.349896 30.664523
v 26.058182 189.250498 35.035418
v 24.743524 189.769966 42.625245
v 28.957748 188.603983 48.987982
v 36.100502 186.464950 49.762594
v 33.803061 193.274304 31.951045
v 28.479348 194.938057 35.784881
v 27.331311 195.386664 42.436367
v 31.018629 194.361840 48.002774
v 37.276294 192.442126 48.743367
v 36.605144 198.766953 38.488755
v 35.294483 199.175911 39.433032
v 35.012514 199.284641 41.070227
v 35.918537 199.031063 42.437680
v 37.457819 198.558661 42.616745
v 59.369729 -1.954896 25.557201
v 37.195442 199.250995 40.616394
v 28.129593 150.107329 41.694912
v 25.919763 150.760267 41.429136
v 24.620513 151.108764 39.442232
v 25.032060 150.940709 37.095827
v 26.934636 150.367652 35.750794
v 61.654685 -0.840261 23.272244
v 62.601145 -0.840261 25.557201
v 61.654685 -0.840261 27.842158
v 62.763518 1.186680 22.163411
v 64.169270 1.186680 25.557201
v 62.763518 1.186680 28.950990
v 62.524436 6.359112 22.185475
v 63.926136 6.357520 25.562580
v 62.529310 6.358756 28.941704
v 61.325295 15.140923 22.556725
v 62.594769 15.133684 25.590243
v 61.323816 15.128808 28.633824
v 59.153729 26.730732 22.728712
v 60.417480 26.708505 25.684610
v 59.180817 26.706937 28.670567
v 54.876414 41.063716 23.457889
v 55.995717 41.017604 25.967216
v 54.964343 41.028181 28.537576
v 50.291081 52.869298 24.518406
v 51.207745 52.807946 26.481114
v 50.427546 52.830723 28.523239
v 46.645648 61.170914 25.499509
v 47.410018 61.103890 27.076974
v 46.838893 61.148770 28.734972
v 43.519574 68.182500 26.472036
v 44.148938 68.115849 27.729905
v 43.709103 68.158984 29.066865
v 39.967362 77.055528 27.505116
v 40.590186 76.975004 28.700272
v 40.166884 77.013412 29.994270
v 36.441279 86.950389 28.626770
v 37.166739 86.837696 29.958107
v 36.724666 86.892545 31.424374
v 33.484302 96.489258 29.880374
v 34.296058 96.343686 31.311137
v 33.847891 96.412422 32.913392
v 31.387026 104.846460 31.035436
v 32.275796 104.669696 32.552126
v 31.826725 104.751268 34.273919
v 29.013369 119.147455 33.004908
v 30.027591 118.916066 34.655793
v 29.586720 119.019575 36.568040
v 28.228654 134.290782 34.851966
v 29.375959 134.001260 36.649811
v 28.962586 134.138131 38.757599
v 31.916967 163.744086 35.988797
v 33.822915 163.218540 38.870497
v 33.224867 163.453223 42.305651
v 34.073333 170.607973 34.955105
v 36.641042 169.897550 38.831892
v 35.840029 170.214058 43.456340
v 36.593916 177.372902 33.481182
v 40.002774 176.429744 38.627958
v 38.939197 176.850269 44.767146
v 39.406085 185.181490 32.072964
v 43.620307 184.015512 38.435702
v 42.305651 184.534970 46.025529
v 40.179334 191.371403 33.188168
v 43.865933 190.346193 38.766646
v 42.712870 190.796927 45.407339
v 38.174756 198.297883 38.793778
v 39.080824 198.044444 40.167308
v 38.796442 198.153757 41.798954
v 30.071831 149.525643 40.547154
v 30.498292 149.367048 38.191252
v 29.198825 149.715817 36.204531
v 31.982637 199.018622 37.376517
v 35.571871 197.898459 34.790735
v 39.870310 196.614123 35.625914
v 42.352016 195.920394 39.387283
v 41.573390 196.220197 43.856494
v 37.907634 197.329056 46.097055
v 33.691919 198.622807 45.605718
v 31.210271 199.316872 41.860096
vt 0.013070 0.005073
vt 0.973144 0.783473
vt 0.259157 0.014298
vt 0.013070 0.014298
vt 0.962491 0.809249
vt 0.489341 0.014298
vt 0.973198 0.834988
vt 0.703945 0.014298
vt 0.998913 0.843509
vt 0.910467 0.014298
vt 0.259157 0.038267
vt 0.013070 0.038267
vt 0.489341 0.038267
vt 0.703945 0.038267
vt 0.910467 0.038267
vt 0.259157 0.079951
vt 0.013070 0.079951
vt 0.489341 0.079951
vt 0.703945 0.079951
vt 0.910467 0.079951
vt 0.259157 0.137149
vt 0.013070 0.137149
vt 0.489341 0.137149
vt 0.703945 0.137149
vt 0.910467 0.137149
vt 0.259157 0.211085
vt 0.013070 0.211085
vt 0.489341 0.211085
vt 0.703945 0.211085
vt 0.910467 0.211085
vt 0.259157 0.273976
vt 0.013070 0.273976
vt 0.489341 0.273976
vt 0.703945 0.273976
vt 0.910467 0.273976
vt 0.259157 0.318821
vt 0.013070 0.318821
vt 0.489341 0.318821
vt 0.703945 0.318821
vt 0.910467 0.318821
vt 0.259157 0.356664
vt 0.013070 0.356664
vt 0.489341 0.356664
vt 0.703945 0.356664
vt 0.910467 0.356664
vt 0.259157 0.404442
vt 0.013070 0.404442
vt 0.489341 0.404442
vt 0.703945 0.404442
vt 0.910467 0.404442
vt 0.259157 0.457368
vt 0.013070 0.457368
vt 0.489341 0.457368
vt 0.703945 0.457368
vt 0.910467 0.457368
vt 0.259157 0.507609
vt 0.013070 0.507609
vt 0.489341 0.507609
vt 0.703945 0.507609
vt 0.910467 0.507609
vt 0.259157 0.550919
vt 0.013070 0.550919
vt 0.489341 0.550919
vt 0.703945 0.550919
vt 0.910467 0.550919
vt 0.259157 0.623464
vt 0.013070 0.623464
vt 0.489341 0.623464
vt 0.703945 0.623464
vt 0.910467 0.623464
vt 0.259157 0.698354
vt 0.013070 0.698354
vt 0.489341 0.698354
vt 0.703945 0.698354
vt 0.910467 0.698354
vt 0.259157 0.772735
vt 0.013070 0.772735
vt 0.489341 0.772735
vt 0.703945 0.772735
vt 0.910467 0.772735
vt 0.013070 0.839837
vt 0.259157 0.839837
vt 0.259157 0.872838
vt 0.013070 0.872838
vt 0.489341 0.839837
vt 0.489341 0.872838
vt 0.703945 0.839837
vt 0.703945 0.872838
vt 0.910467 0.839837
vt 0.910467 0.872838
vt 0.259157 0.905805
vt 0.013070 0.905805
vt 0.489341 0.905805
vt 0.703945 0.905805
vt 0.910467 0.905805
vt 0.259157 0.935946
vt 0.013070 0.935946
vt 0.489341 0.935946
vt 0.703945 0.935946
vt 0.910467 0.935946
vt 0.259157 0.959945
vt 0.013070 0.959945
vt 0.489341 0.959945
vt 0.703945 0.959945
vt 0.910467 0.959945
vt 0.944424 0.972221
vt 0.997205 0.994117
vt 0.922653 0.919412
vt 0.944662 0.866755
vt 0.910467 0.986043
vt 0.998914 0.809209
vt 0.997205 0.919583
vt 0.997205 0.848902
vt 0.013070 0.986043
vt 0.703945 0.986043
vt 0.489341 0.986043
vt 0.259157 0.986043
vt 0.910467 0.005073
vt 0.998914 0.772791
vt 0.703945 0.005073
vt 0.489341 0.005073
vt 0.259157 0.005073
vt 0.013070 0.005073
vt 0.259157 0.005073
vt 0.259157 0.014298
vt 0.013070 0.014298
vt 0.489341 0.005073
vt 0.489341 0.014298
vt 0.703945 0.005073
vt 0.703945 0.014298
vt 0.910467 0.005073
vt 0.910467 0.014298
vt 0.259157 0.038267
vt 0.013070 0.038267
vt 0.489341 0.038267
vt 0.703945 0.038267
vt 0.910467 0.038267
vt 0.259157 0.079951
vt 0.013070 0.079951
vt 0.489341 0.079951
vt 0.703945 0.079951
vt 0.910467 0.079951
vt 0.259157 0.137149
vt 0.013070 0.137149
vt 0.489341 0.137149
vt 0.703945 0.137149
vt 0.910467 0.137149
vt 0.259157 0.211085
vt 0.013070 0.211085
vt 0.489341 0.211085
vt 0.703945 0.211085
vt 0.910467 0.211085
vt 0.259157 0.273976
vt 0.013070 0.273976
vt 0.489341 0.273976
vt 0.703945 0.273976
vt 0.910467 0.273976
vt 0.259157 0.318821
vt 0.013070 0.318821
vt 0.489341 0.318821
vt 0.703945 0.318821
vt 0.910467 0.318821
vt 0.259157 0.356664
vt 0.013070 0.356664
vt 0.489341 0.356664
vt 0.703945 0.356664
vt 0.910467 0.356664
vt 0.259157 0.404442
vt 0.013070 0.404442
vt 0.489341 0.404442
vt 0.703945 0.404442
vt 0.910467 0.404442
vt 0.259157 0.457368
vt 0.013070 0.457368
vt 0.489341 0.457368
vt 0.703945 0.457368
vt 0.910467 0.457368
vt 0.259157 0.507609
vt 0.013070 0.507609
vt 0.489341 0.507609
vt 0.703945 0.507609
vt 0.910467 0.507609
vt 0.259157 0.550919
vt 0.013070 0.550919
vt 0.489341 0.550919
vt 0.703945 0.550919
vt 0.910467 0.550919
vt 0.259157 0.623464
vt 0.013070 0.623464
vt 0.489341 0.623464
vt 0.703945 0.623464
vt 0.910467 0.623464
vt 0.259157 0.698354
vt 0.013070 0.698354
vt 0.489341 0.698354
vt 0.703945 0.698354
vt 0.910467 0.698354
vt 0.259157 0.772735
vt 0.013070 0.772735
vt 0.489341 0.772735
vt 0.703945 0.772735
vt 0.910467 0.772735
vt 0.013070 0.839837
vt 0.259157 0.839837
vt 0.259157 0.872838
vt 0.013070 0.872838
vt 0.489341 0.839837
vt 0.489341 0.872838
vt 0.703945 0.839837
vt 0.703945 0.872838
vt 0.910467 0.839837
vt 0.910467 0.872838
vt 0.259157 0.905805
vt 0.013070 0.905805
vt 0.489341 0.905805
vt 0.703945 0.905805
vt 0.910467 0.905805
vt 0.259157 0.935946
vt 0.013070 0.935946
vt 0.489341 0.935946
vt 0.703945 0.935946
vt 0.910467 0.935946
vt 0.259157 0.959945
vt 0.013070 0.959945
vt 0.489341 0.959945
vt 0.703945 0.959945
vt 0.910467 0.959945
vt 0.259157 0.986043
vt 0.013070 0.986043
vt 0.489341 0.986043
vt 0.703945 0.986043
vt 0.910467 0.986043
vt 0.973144 0.783473
vt 0.998914 0.772791
vt 0.998914 0.809209
vt 0.973198 0.834988
vt 0.998913 0.843509
vt 0.997205 0.919583
vt 0.944424 0.972221
vt 0.922653 0.919412
vt 0.944662 0.866755
vt 0.997205 0.848902
vt 0.997205 0.994117
vt 0.962491 0.809249
vt 0.259157 0.972994
vt 0.013070 0.972994
vt 0.013070 0.972994
vt 0.259157 0.972994
vt 0.489341 0.972994
vt 0.703945 0.972994
vt 0.910467 0.972994
vt 0.910467 0.972994
vt 0.703945 0.972994
vt 0.489341 0.972994
vn 0.000000 -0.722838 -0.691018
vn -0.488624 -0.722838 -0.488623
vn -0.690292 -0.184834 -0.699524
vn 0.007806 -0.161841 -0.986786
vn -0.691018 -0.722838 0.000001
vn -0.980675 -0.195644 -0.000178
vn -0.473021 -0.719284 0.508803
vn -0.668030 -0.184142 0.720991
vn 0.000000 -0.707215 0.706999
vn 0.006956 -0.159049 0.987246
vn -0.702090 -0.016427 -0.711899
vn 0.009484 0.039691 -0.999167
vn -0.999104 -0.042319 0.000812
vn -0.676637 -0.019647 0.736054
vn 0.009735 0.030608 0.999484
vn -0.700896 -0.067144 -0.710096
vn 0.007809 0.039434 -0.999192
vn -0.993059 -0.117549 0.004041
vn -0.669252 -0.074702 0.739271
vn 0.015715 0.022538 0.999622
vn -0.701554 -0.120026 -0.702435
vn -0.000704 0.045480 -0.998965
vn -0.979887 -0.199303 0.009954
vn -0.658709 -0.137092 0.739803
vn 0.024984 0.014829 0.999578
vn -0.716570 -0.137521 -0.683825
vn -0.032090 0.076085 -0.996585
vn -0.970614 -0.239949 0.018270
vn -0.659634 -0.169163 0.732303
vn 0.020921 0.023920 0.999495
vn -0.732163 -0.158515 -0.662428
vn -0.060754 0.099568 -0.993174
vn -0.958987 -0.281868 0.029898
vn -0.654115 -0.210406 0.726541
vn 0.025509 0.015886 0.999548
vn -0.740416 -0.171924 -0.649790
vn -0.070369 0.117578 -0.990567
vn -0.949029 -0.312367 0.042081
vn -0.638302 -0.245632 0.729545
vn 0.044150 -0.001659 0.999023
vn -0.740045 -0.191672 -0.644666
vn -0.060453 0.113755 -0.991668
vn -0.937788 -0.343987 0.047187
vn -0.614787 -0.288401 0.734072
vn 0.077451 -0.039254 0.996223
vn -0.751538 -0.212838 -0.624412
vn -0.078434 0.083866 -0.993385
vn -0.930223 -0.363038 0.053746
vn -0.605962 -0.327674 0.724872
vn 0.088438 -0.097993 0.991250
vn -0.772009 -0.194030 -0.605272
vn -0.103304 0.081308 -0.991321
vn -0.937118 -0.340716 0.075643
vn -0.603384 -0.324020 0.728655
vn 0.094782 -0.127296 0.987326
vn -0.796126 -0.155462 -0.584820
vn -0.127073 0.091640 -0.987651
vn -0.948985 -0.297032 0.105824
vn -0.603561 -0.298315 0.739407
vn 0.101284 -0.138476 0.985173
vn -0.802332 -0.084990 -0.590796
vn -0.112714 0.108387 -0.987698
vn -0.966335 -0.221398 0.131070
vn -0.582420 -0.248360 0.774018
vn 0.141343 -0.140910 0.979881
vn -0.828319 -0.024997 -0.559699
vn -0.156769 0.103359 -0.982212
vn -0.977670 -0.136839 0.159488
vn -0.586569 -0.190514 0.787173
vn 0.133011 -0.147049 0.980145
vn -0.836740 0.048369 -0.545460
vn -0.177592 0.096051 -0.979405
vn -0.982336 -0.032454 0.184290
vn -0.573075 -0.112567 0.811735
vn 0.147925 -0.139430 0.979121
vn -0.841755 0.065869 -0.535826
vn -0.203985 0.038994 -0.978197
vn -0.979664 0.020208 0.199623
vn -0.557111 -0.077989 0.826768
vn 0.153859 -0.161429 0.974817
vn -0.243261 -0.056728 -0.968301
vn -0.854183 0.017093 -0.519692
vn -0.854141 -0.058815 -0.516705
vn -0.260890 -0.167201 -0.950779
vn -0.978507 -0.001820 0.206205
vn -0.978151 -0.054958 0.200503
vn -0.558325 -0.105561 0.822879
vn -0.557409 -0.161251 0.814428
vn 0.135464 -0.217955 0.966512
vn 0.122597 -0.291023 0.948828
vn -0.852787 -0.044581 -0.520352
vn -0.259470 -0.166189 -0.951345
vn -0.979024 -0.033513 0.200971
vn -0.555061 -0.142990 0.819428
vn 0.126159 -0.284207 0.950426
vn -0.827773 0.158664 -0.538161
vn -0.214305 0.023490 -0.976484
vn -0.961559 0.177011 0.209932
vn -0.522563 0.062782 0.850286
vn 0.182257 -0.102389 0.977905
vn -0.689706 0.501999 -0.521826
vn -0.102152 0.358017 -0.928110
vn -0.823893 0.531283 0.197332
vn -0.397574 0.420127 0.815738
vn 0.274670 0.236979 0.931878
vn -0.460757 0.774624 -0.433199
vn 0.019077 0.643480 -0.765225
vn -0.569884 0.806404 0.157940
vn -0.217710 0.709747 0.669972
vn 0.331368 0.548522 0.767671
vn -0.000000 -1.000000 -0.000305
vn 0.287355 0.957744 -0.012404
vn 0.055172 0.985074 -0.163052
vn 0.018271 0.998850 0.044317
vn 0.145020 0.963409 0.225417
vn 0.335146 0.901301 0.274469
vn 0.221788 0.933837 -0.280641
vn 0.703811 -0.140564 -0.696342
vn 0.488624 -0.722838 -0.488622
vn 0.991176 -0.132548 -0.000480
vn 0.691018 -0.722837 0.000001
vn 0.682467 -0.140535 0.717279
vn 0.473022 -0.719284 0.508803
vn 0.707752 0.091084 -0.700564
vn 0.993922 0.110088 -0.000664
vn 0.687590 0.085394 0.721060
vn 0.701834 0.135037 -0.699424
vn 0.985599 0.169094 -0.001694
vn 0.687601 0.122881 0.715615
vn 0.688653 0.192031 -0.699200
vn 0.970378 0.241505 -0.006520
vn 0.687730 0.169525 0.705895
vn 0.659770 0.265669 -0.702939
vn 0.945359 0.325717 -0.014303
vn 0.674779 0.228198 0.701854
vn 0.634169 0.326161 -0.701034
vn 0.920682 0.389435 -0.026169
vn 0.671031 0.265566 0.692237
vn 0.624901 0.361928 -0.691741
vn 0.906576 0.419724 -0.044183
vn 0.686429 0.279391 0.671384
vn 0.632611 0.356069 -0.687763
vn 0.912527 0.404072 -0.063413
vn 0.718104 0.255866 0.647193
vn 0.629057 0.319020 -0.708882
vn 0.930403 0.358594 -0.075892
vn 0.737058 0.194402 0.647266
vn 0.619188 0.294401 -0.727965
vn 0.943138 0.319796 -0.090676
vn 0.751424 0.147054 0.643224
vn 0.610718 0.271984 -0.743672
vn 0.954292 0.279015 -0.107133
vn 0.765531 0.107391 0.634373
vn 0.616035 0.225088 -0.754875
vn 0.968921 0.205480 -0.137729
vn 0.802926 0.053086 0.593710
vn 0.595528 0.164994 -0.786208
vn 0.980318 0.120197 -0.156620
vn 0.798790 -0.017866 0.601344
vn 0.579920 0.080434 -0.810693
vn 0.983331 0.006085 -0.181724
vn 0.801288 -0.094031 0.590843
vn 0.552887 -0.045374 -0.832020
vn 0.969747 -0.140892 -0.199351
vn 0.788455 -0.195231 0.583287
vn 0.466213 -0.319274 -0.825051
vn 0.510057 -0.183384 -0.840365
vn 0.882471 -0.424243 -0.203133
vn 0.936091 -0.288071 -0.201863
vn 0.713980 -0.415446 0.563594
vn 0.752134 -0.305693 0.583820
vn 0.462438 -0.329156 -0.823291
vn 0.876515 -0.436316 -0.203349
vn 0.713287 -0.419415 0.561527
vn 0.522173 -0.149960 -0.839552
vn 0.943607 -0.259136 -0.206046
vn 0.783928 -0.236687 0.573965
vn 0.585162 0.186129 -0.789266
vn 0.976569 0.085473 -0.197503
vn 0.837570 0.114467 0.534204
vn 0.578999 0.492249 -0.649962
vn 0.897903 0.407849 -0.165616
vn 0.785775 0.437435 0.437275
vn 0.531095 0.844464 -0.069410
vn 0.418361 0.875771 -0.240831
vn 0.489381 0.859694 0.146397
s 1
g pCylinder2
usemtl initialShadingGroup
f 373/509/373 374/630/374 379/511/375 378/512/376
f 374/630/374 375/629/377 380/514/378 379/511/375
f 375/629/377 376/628/379 381/516/380 380/514/378
f 376/628/379 377/626/381 382/518/382 381/516/380
f 378/512/376 379/511/375 384/519/383 383/520/384
f 379/511/375 380/514/378 385/521/385 384/519/383
f 380/514/378 381/516/380 386/522/386 385/521/385
f 381/516/380 382/518/382 387/523/387 386/522/386
f 383/520/384 384/519/383 389/524/388 388/525/389
f 384/519/383 385/521/385 390/526/390 389/524/388
f 385/521/385 386/522/386 391/527/391 390/526/390
f 386/522/386 387/523/387 392/528/392 391/527/391
f 388/525/389 389/524/388 394/529/393 393/530/394
f 389/524/388 390/526/390 395/531/395 394/529/393
f 390/526/390 391/527/391 396/532/396 395/531/395
f 391/527/391 392/528/392 397/533/397 396/532/396
f 393/530/394 394/529/393 399/534/398 398/535/399
f 394/529/393 395/531/395 400/536/400 399/534/398
f 395/531/395 396/532/396 401/537/401 400/536/400
f 396/532/396 397/533/397 402/538/402 401/537/401
f 398/535/399 399/534/398 404/539/403 403/540/404
f 399/534/398 400/536/400 405/541/405 404/539/403
f 400/536/400 401/537/401 406/542/406 405/541/405
f 401/537/401 402/538/402 407/543/407 406/542/406
f 403/540/404 404/539/403 409/544/408 408/545/409
f 404/539/403 405/541/405 410/546/410 409/544/408
f 405/541/405 406/542/406 411/547/411 410/546/410
f 406/542/406 407/543/407 412/548/412 411/547/411
f 408/545/409 409/544/408 414/549/413 413/550/414
f 409/544/408 410/546/410 415/551/415 414/549/413
f 410/546/410 411/547/411 416/552/416 415/551/415
f 411/547/411 412/548/412 417/553/417 416/552/416
f 413/550/414 414/549/413 419/554/418 418/555/419
f 414/549/413 415/551/415 420/556/420 419/554/418
f 415/551/415 416/552/416 421/557/421 420/556/420
f 416/552/416 417/553/417 422/558/422 421/557/421
f 418/555/419 419/554/418 424/559/423 423/560/424
f 419/554/418 420/556/420 425/561/425 424/559/423
f 420/556/420 421/557/421 426/562/426 425/561/425
f 421/557/421 422/558/422 427/563/427 426/562/426
f 423/560/424 424/559/423 429/564/428 428/565/429
f 424/559/423 425/561/425 430/566/430 429/564/428
f 425/561/425 426/562/426 431/567/431 430/566/430
f 426/562/426 427/563/427 432/568/432 431/567/431
f 428/565/429 429/564/428 434/569/433 433/570/434
f 429/564/428 430/566/430 435/571/435 434/569/433
f 430/566/430 431/567/431 436/572/436 435/571/435
f 431/567/431 432/568/432 437/573/437 436/572/436
f 433/570/434 434/569/433 439/574/438 438/575/439
f 434/569/433 435/571/435 440/576/440 439/574/438
f 435/571/435 436/572/436 441/577/441 440/576/440
f 436/572/436 437/573/437 442/578/442 441/577/441
f 438/575/439 439/574/438 444/579/443 443/580/444
f 439/574/438 440/576/440 445/581/445 444/579/443
f 440/576/440 441/577/441 446/582/446 445/581/445
f 441/577/441 442/578/442 447/583/447 446/582/446
f 443/580/444 444/579/443 483/584/448 484/585/449
f 444/579/443 445/581/445 482/586/450 483/584/448
f 445/581/445 446/582/446 481/587/451 482/586/450
f 446/582/446 447/583/447 480/588/452 481/587/451
f 448/589/453 449/590/454 454/591/455 453/592/456
f 449/590/454 450/593/457 455/594/458 454/591/455
f 450/593/457 451/595/459 456/596/460 455/594/458
f 451/595/459 452/597/461 457/598/462 456/596/460
f 453/592/456 454/591/455 459/599/463 458/600/464
f 454/591/455 455/594/458 460/601/465 459/599/463
f 455/594/458 456/596/460 461/602/466 460/601/465
f 456/596/460 457/598/462 462/603/467 461/602/466
f 458/600/464 459/599/463 464/604/468 463/605/469
f 459/599/463 460/601/465 465/606/470 464/604/468
f 460/601/465 461/602/466 466/607/471 465/606/470
f 461/602/466 462/603/467 467/608/472 466/607/471
f 463/605/469 464/604/468 469/609/473 468/610/474
f 464/604/468 465/606/470 470/611/475 469/609/473
f 465/606/470 466/607/471 471/612/476 470/611/475
f 466/607/471 467/608/472 472/613/477 471/612/476
f 468/610/474 469/609/473 551/753/478 552/755/479
f 469/609/473 470/611/475 558/762/480 551/753/478
f 470/611/475 471/612/476 557/761/481 558/762/480
f 471/612/476 472/613/477 556/759/482 557/761/481
f 374/510/374 373/627/373 478/619/483
f 376/515/379 478/619/483 377/517/381
f 479/620/484 474/614/485 475/616/486
f 479/620/484 475/616/486 476/617/487
f 481/587/451 480/588/452 452/597/461 451/595/459
f 482/586/450 481/587/451 451/595/459 450/593/457
f 483/584/448 482/586/450 450/593/457 449/590/454
f 484/585/449 483/584/448 449/590/454 448/589/453
f 479/620/484 476/617/487 477/621/488
f 479/620/484 473/615/489 474/614/485
f 374/510/374 478/619/483 375/513/377
f 376/515/379 375/513/377 478/619/483
f 373/631/373 378/634/376 488/633/490 485/632/491
f 485/632/491 488/633/490 489/636/492 486/635/493
f 486/635/493 489/636/492 490/638/494 487/637/495
f 487/637/495 490/638/494 382/640/382 377/639/381
f 378/634/376 383/642/384 491/641/496 488/633/490
f 488/633/490 491/641/496 492/643/497 489/636/492
f 489/636/492 492/643/497 493/644/498 490/638/494
f 490/638/494 493/644/498 387/645/387 382/640/382
f 383/642/384 388/647/389 494/646/499 491/641/496
f 491/641/496 494/646/499 495/648/500 492/643/497
f 492/643/497 495/648/500 496/649/501 493/644/498
f 493/644/498 496/649/501 392/650/392 387/645/387
f 388/647/389 393/652/394 497/651/502 494/646/499
f 494/646/499 497/651/502 498/653/503 495/648/500
f 495/648/500 498/653/503 499/654/504 496/649/501
f 496/649/501 499/654/504 397/655/397 392/650/392
f 393/652/394 398/657/399 500/656/505 497/651/502
f 497/651/502 500/656/505 501/658/506 498/653/503
f 498/653/503 501/658/506 502/659/507 499/654/504
f 499/654/504 502/659/507 402/660/402 397/655/397
f 398/657/399 403/662/404 503/661/508 500/656/505
f 500/656/505 503/661/508 504/663/509 501/658/506
f 501/658/506 504/663/509 505/664/510 502/659/507
f 502/659/507 505/664/510 407/665/407 402/660/402
f 403/662/404 408/667/409 506/666/511 503/661/508
f 503/661/508 506/666/511 507/668/512 504/663/509
f 504/663/509 507/668/512 508/669/513 505/664/510
f 505/664/510 508/669/513 412/670/412 407/665/407
f 408/667/409 413/672/414 509/671/514 506/666/511
f 506/666/511 509/671/514 510/673/515 507/668/512
f 507/668/512 510/673/515 511/674/516 508/669/513
f 508/669/513 511/674/516 417/675/417 412/670/412
f 413/672/414 418/677/419 512/676/517 509/671/514
f 509/671/514 512/676/517 513/678/518 510/673/515
f 510/673/515 513/678/518 514/679/519 511/674/516
f 511/674/516 514/679/519 422/680/422 417/675/417
f 418/677/419 423/682/424 515/681/520 512/676/517
f 512/676/517 515/681/520 516/683/521 513/678/518
f 513/678/518 516/683/521 517/684/522 514/679/519
f 514/679/519 517/684/522 427/685/427 422/680/422
f 423/682/424 428/687/429 518/686/523 515/681/520
f 515/681/520 518/686/523 519/688/524 516/683/521
f 516/683/521 519/688/524 520/689/525 517/684/522
f 517/684/522 520/689/525 432/690/432 427/685/427
f 428/687/429 433/692/434 521/691/526 518/686/523
f 518/686/523 521/691/526 522/693/527 519/688/524
f 519/688/524 522/693/527 523/694/528 520/689/525
f 520/689/525 523/694/528 437/695/437 432/690/432
f 433/692/434 438/697/439 524/696/529 521/691/526
f 521/691/526 524/696/529 525/698/530 522/693/527
f 522/693/527 525/698/530 526/699/531 523/694/528
f 523/694/528 526/699/531 442/700/442 437/695/437
f 438/697/439 443/702/444 527/701/532 524/696/529
f 524/696/529 527/701/532 528/703/533 525/698/530
f 525/698/530 528/703/533 529/704/534 526/699/531
f 526/699/531 529/704/534 447/705/447 442/700/442
f 443/702/444 484/707/449 550/706/535 527/701/532
f 527/701/532 550/706/535 549/708/536 528/703/533
f 528/703/533 549/708/536 548/709/537 529/704/534
f 529/704/534 548/709/537 480/710/452 447/705/447
f 448/711/453 453/714/456 533/713/538 530/712/539
f 530/712/539 533/713/538 534/716/540 531/715/541
f 531/715/541 534/716/540 535/718/542 532/717/543
f 532/717/543 535/718/542 457/720/462 452/719/461
f 453/714/456 458/722/464 536/721/544 533/713/538
f 533/713/538 536/721/544 537/723/545 534/716/540
f 534/716/540 537/723/545 538/724/546 535/718/542
f 535/718/542 538/724/546 462/725/467 457/720/462
f 458/722/464 463/727/469 539/726/547 536/721/544
f 536/721/544 539/726/547 540/728/548 537/723/545
f 537/723/545 540/728/548 541/729/549 538/724/546
f 538/724/546 541/729/549 467/730/472 462/725/467
f 463/727/469 468/732/474 542/731/550 539/726/547
f 539/726/547 542/731/550 543/733/551 540/728/548
f 540/728/548 543/733/551 544/734/552 541/729/549
f 541/729/549 544/734/552 472/735/477 467/730/472
f 468/732/474 552/754/479 553/756/553 542/731/550
f 542/731/550 553/756/553 554/757/554 543/733/551
f 543/733/551 554/757/554 555/758/555 544/734/552
f 544/734/552 555/758/555 556/760/482 472/735/477
f 485/741/491 478/743/483 373/742/373
f 487/744/495 377/745/381 478/743/483
f 479/746/484 546/748/556 545/747/557
f 479/746/484 547/749/558 546/748/556
f 548/709/537 532/717/543 452/719/461 480/710/452
f 549/708/536 531/715/541 532/717/543 548/709/537
f 550/706/535 530/712/539 531/715/541 549/708/536
f 484/707/449 448/711/453 530/712/539 550/706/535
f 479/746/484 477/750/488 547/749/558
f 479/746/484 545/747/557 473/751/489
f 485/741/491 486/752/493 478/743/483
f 487/744/495 478/743/483 486/752/493
f 552/755/479 551/753/478 474/625/485 473/622/489
f 553/756/553 552/754/479 473/737/489 545/736/557
f 554/757/554 553/756/553 545/736/557 546/738/556
f 555/758/555 554/757/554 546/738/556 547/739/558
f 556/760/482 555/758/555 547/739/558 477/740/488
f 557/761/481 556/759/482 477/618/488 476/623/487
f 558/762/480 557/761/481 476/623/487 475/624/486
f 551/753/478 558/762/480 475/624/486 474/625/485
g default
v -26.265513 -4.162924 54.892410
v -28.550470 -4.162924 55.838870
v -29.496931 -4.162924 58.123827
v -28.550470 -4.162924 60.408784
v -26.265513 -4.162924 61.147642
v -26.265513 -2.361196 53.324284
v -29.659304 -2.361196 54.730037
v -31.065056 -2.361196 58.123827
v -29.659303 -2.361196 61.517616
v -26.265513 -2.361196 62.615025
v -26.265513 2.320102 53.346450
v -29.643629 2.320102 54.745711
v -31.042891 2.320102 58.123827
v -29.643629 2.320102 61.501943
v -26.265513 2.320102 62.594283
v -26.265513 10.461323 53.827268
v -29.303641 10.461323 55.085700
v -30.562072 10.461323 58.123827
v -29.303641 10.461323 61.161954
v -26.265513 10.461323 62.144357
v -25.980570 21.634707 53.877186
v -28.953149 21.624263 55.101351
v -30.189469 21.619100 58.068909
v -28.965308 21.622245 61.041507
v -25.997213 21.631943 62.007988
v -23.412335 36.193546 54.089305
v -25.982804 36.084604 55.078697
v -27.095859 36.030145 57.590634
v -26.147116 36.060082 60.161256
v -23.631032 36.158353 61.044095
v -20.471273 48.977490 54.512724
v -22.509893 48.763779 55.216029
v -23.486797 48.648393 57.166064
v -22.806384 48.701927 59.217764
v -20.857359 48.894271 59.987132
v -18.755421 58.457931 55.001504
v -20.411613 58.189612 55.513576
v -21.250945 58.039068 57.063019
v -20.761291 58.100069 58.741157
v -19.198053 58.345873 59.417654
v -17.920475 66.694834 55.584630
v -19.255522 66.404387 55.951651
v -19.939410 66.248838 57.172668
v -19.607603 66.300943 58.530408
v -18.397350 66.554400 59.113851
v -17.901207 77.327132 56.049328
v -19.171712 76.956102 56.344323
v -19.876676 76.741352 57.482785
v -19.602387 76.808156 58.797427
v -18.474568 77.137528 59.409838
v -19.457733 89.166224 56.453770
v -20.860261 88.641878 56.717304
v -21.691964 88.318544 57.955581
v -21.454889 88.400749 59.447867
v -20.262601 88.848094 60.194594
v -22.512210 100.130078 56.900367
v -24.005427 99.448647 57.117492
v -24.927747 99.032050 58.423641
v -24.737212 99.123541 60.053058
v -23.511778 99.688700 60.919162
v -26.182135 109.149387 57.170391
v -27.744859 108.339803 57.350486
v -28.743654 107.836794 58.714648
v -28.591311 107.934145 60.463023
v -27.340535 108.597895 61.431498
v -33.682734 123.084158 57.196132
v -35.353185 122.088622 57.328183
v -36.462005 121.460336 58.791700
v -36.356776 121.566357 60.728488
v -35.063236 122.375251 61.852012
v -41.729411 136.055899 56.607413
v -43.558004 134.927429 56.730590
v -44.757879 134.204329 58.327178
v -44.657830 134.325859 60.468006
v -43.263272 135.242300 61.726090
v -55.758142 159.770093 53.874256
v -58.727249 157.937766 54.074265
v -60.757184 156.798521 56.680892
v -60.658841 157.019724 60.167211
v -58.402076 158.513469 62.214194
v -58.678386 165.465060 52.132166
v -62.674883 162.998719 52.401382
v -65.407223 161.465276 55.909966
v -65.274842 161.762997 60.602635
v -62.237074 163.773378 63.358053
v -61.446967 171.178095 49.995215
v -66.752671 167.903812 50.352624
v -70.380097 165.868025 55.010580
v -70.204249 166.263632 61.240364
v -66.171411 168.931751 64.899270
v -64.754708 177.693679 47.921581
v -71.313923 173.645820 48.363432
v -75.798348 171.129071 54.121858
v -75.581086 171.617708 61.823655
v -70.595544 174.917635 66.345745
v -67.984984 182.133985 48.869884
v -73.734142 178.583847 49.259697
v -77.657531 176.377102 54.309333
v -77.464000 176.802141 61.048279
v -73.093913 179.650559 65.070771
v -72.756043 185.681180 54.927080
v -74.171203 184.806683 55.023511
v -75.135461 184.262935 56.267020
v -75.086620 184.366433 57.922912
v -74.010116 185.067787 58.909748
v -26.265513 -5.153707 58.123827
v -73.686255 185.824624 56.955752
v -51.099162 147.575020 61.462023
v -52.648642 146.549420 60.056582
v -52.716166 146.397550 57.662906
v -51.322428 147.179740 55.873223
v -49.283859 148.437788 55.735894
v -23.980556 -4.162924 55.838870
v -23.034096 -4.162924 58.123827
v -23.980556 -4.162924 60.408784
v -22.871723 -2.361196 54.730037
v -21.465971 -2.361196 58.123827
v -22.871724 -2.361196 61.517616
v -22.887397 2.320102 54.745711
v -21.488136 2.320102 58.123827
v -22.887397 2.320102 61.501943
v -23.227386 10.461323 55.085700
v -21.968955 10.461323 58.123827
v -23.227386 10.461323 61.161954
v -23.013027 21.644310 55.113517
v -21.788867 21.647455 58.086114
v -23.025187 21.642292 61.053673
v -20.902410 36.292490 55.203837
v -19.923079 36.322763 57.768955
v -21.036133 36.268304 60.280894
v -18.533987 49.169216 55.464793
v -17.832872 49.226642 57.514529
v -18.808732 49.108759 59.462949
v -17.225235 58.695185 55.825731
v -16.717387 58.762407 57.503445
v -17.555666 58.609781 59.051531
v -16.725472 66.945378 56.286027
v -16.370252 67.008802 57.644674
v -17.054134 66.853256 58.865687
v -16.804443 77.641011 56.771396
v -16.523539 77.713398 58.087228
v -17.227664 77.497506 59.224908
v -18.292838 89.605928 57.326191
v -18.047941 89.703418 58.823525
v -18.877637 89.377843 60.060236
v -21.321773 100.684211 57.901882
v -21.130613 100.785612 59.534787
v -22.050858 100.367071 60.839559
v -24.972860 109.798960 58.282703
v -24.824285 109.907078 60.035141
v -25.820340 109.401810 61.397664
v -32.437198 123.870964 58.475659
v -32.344594 123.986978 60.416386
v -33.449576 123.355941 61.877859
v -40.393570 136.950176 58.038554
v -40.333006 137.086405 60.185682
v -41.525953 136.358600 61.778728
v -53.589120 161.222132 56.198028
v -53.490777 161.443330 59.684346
v -55.520707 160.304085 62.290974
v -55.758832 167.419562 55.260017
v -55.626450 167.717278 59.952687
v -58.358795 166.183840 63.461272
v -57.571000 173.772866 54.147716
v -57.395261 174.168127 60.377651
v -61.022919 172.132483 65.035321
v -59.963021 180.901467 53.055140
v -59.745754 181.390109 60.756936
v -64.230181 178.873359 66.515362
v -63.784612 184.943723 53.372174
v -63.596686 185.364980 60.121155
v -67.519368 183.158893 65.158731
v -71.721858 186.372348 56.035907
v -71.675821 186.474373 57.697001
v -72.639278 185.930792 58.934476
v -49.120843 148.804437 61.514742
v -47.727107 149.586627 59.725053
v -47.794631 149.434757 57.331378
v -75.001635 183.016038 51.665980
v -71.126109 185.410671 51.402037
v -68.294034 187.303594 54.438455
v -68.167903 187.583518 58.987485
v -70.806976 186.095015 62.377124
v -74.561474 183.731421 62.310323
v -77.509281 181.810797 59.606838
v -77.642711 181.527089 55.071233
vt 0.013070 0.005073
vt 0.973144 0.783473
vt 0.259157 0.014298
vt 0.013070 0.014298
vt 0.962491 0.809249
vt 0.489341 0.014298
vt 0.973198 0.834988
vt 0.703945 0.014298
vt 0.998913 0.843509
vt 0.910467 0.014298
vt 0.259157 0.038267
vt 0.013070 0.038267
vt 0.489341 0.038267
vt 0.703945 0.038267
vt 0.910467 0.038267
vt 0.259157 0.079951
vt 0.013070 0.079951
vt 0.489341 0.079951
vt 0.703945 0.079951
vt 0.910467 0.079951
vt 0.259157 0.137149
vt 0.013070 0.137149
vt 0.489341 0.137149
vt 0.703945 0.137149
vt 0.910467 0.137149
vt 0.259157 0.211085
vt 0.013070 0.211085
vt 0.489341 0.211085
vt 0.703945 0.211085
vt 0.910467 0.211085
vt 0.259157 0.273976
vt 0.013070 0.273976
vt 0.489341 0.273976
vt 0.703945 0.273976
vt 0.910467 0.273976
vt 0.259157 0.318821
vt 0.013070 0.318821
vt 0.489341 0.318821
vt 0.703945 0.318821
vt 0.910467 0.318821
vt 0.259157 0.356664
vt 0.013070 0.356664
vt 0.489341 0.356664
vt 0.703945 0.356664
vt 0.910467 0.356664
vt 0.259157 0.404442
vt 0.013070 0.404442
vt 0.489341 0.404442
vt 0.703945 0.404442
vt 0.910467 0.404442
vt 0.259157 0.457368
vt 0.013070 0.457368
vt 0.489341 0.457368
vt 0.703945 0.457368
vt 0.910467 0.457368
vt 0.259157 0.507609
vt 0.013070 0.507609
vt 0.489341 0.507609
vt 0.703945 0.507609
vt 0.910467 0.507609
vt 0.259157 0.550919
vt 0.013070 0.550919
vt 0.489341 0.550919
vt 0.703945 0.550919
vt 0.910467 0.550919
vt 0.259157 0.623464
vt 0.013070 0.623464
vt 0.489341 0.623464
vt 0.703945 0.623464
vt 0.910467 0.623464
vt 0.259157 0.698354
vt 0.013070 0.698354
vt 0.489341 0.698354
vt 0.703945 0.698354
vt 0.910467 0.698354
vt 0.259157 0.772735
vt 0.013070 0.772735
vt 0.489341 0.772735
vt 0.703945 0.772735
vt 0.910467 0.772735
vt 0.013070 0.839837
vt 0.259157 0.839837
vt 0.259157 0.872838
vt 0.013070 0.872838
vt 0.489341 0.839837
vt 0.489341 0.872838
vt 0.703945 0.839837
vt 0.703945 0.872838
vt 0.910467 0.839837
vt 0.910467 0.872838
vt 0.259157 0.905805
vt 0.013070 0.905805
vt 0.489341 0.905805
vt 0.703945 0.905805
vt 0.910467 0.905805
vt 0.259157 0.935946
vt 0.013070 0.935946
vt 0.489341 0.935946
vt 0.703945 0.935946
vt 0.910467 0.935946
vt 0.259157 0.959945
vt 0.013070 0.959945
vt 0.489341 0.959945
vt 0.703945 0.959945
vt 0.910467 0.959945
vt 0.944424 0.972221
vt 0.997205 0.994117
vt 0.922653 0.919412
vt 0.944662 0.866755
vt 0.910467 0.986043
vt 0.998914 0.809209
vt 0.997205 0.919583
vt 0.997205 0.848902
vt 0.013070 0.986043
vt 0.703945 0.986043
vt 0.489341 0.986043
vt 0.259157 0.986043
vt 0.910467 0.005073
vt 0.998914 0.772791
vt 0.703945 0.005073
vt 0.489341 0.005073
vt 0.259157 0.005073
vt 0.013070 0.005073
vt 0.259157 0.005073
vt 0.259157 0.014298
vt 0.013070 0.014298
vt 0.489341 0.005073
vt 0.489341 0.014298
vt 0.703945 0.005073
vt 0.703945 0.014298
vt 0.910467 0.005073
vt 0.910467 0.014298
vt 0.259157 0.038267
vt 0.013070 0.038267
vt 0.489341 0.038267
vt 0.703945 0.038267
vt 0.910467 0.038267
vt 0.259157 0.079951
vt 0.013070 0.079951
vt 0.489341 0.079951
vt 0.703945 0.079951
vt 0.910467 0.079951
vt 0.259157 0.137149
vt 0.013070 0.137149
vt 0.489341 0.137149
vt 0.703945 0.137149
vt 0.910467 0.137149
vt 0.259157 0.211085
vt 0.013070 0.211085
vt 0.489341 0.211085
vt 0.703945 0.211085
vt 0.910467 0.211085
vt 0.259157 0.273976
vt 0.013070 0.273976
vt 0.489341 0.273976
vt 0.703945 0.273976
vt 0.910467 0.273976
vt 0.259157 0.318821
vt 0.013070 0.318821
vt 0.489341 0.318821
vt 0.703945 0.318821
vt 0.910467 0.318821
vt 0.259157 0.356664
vt 0.013070 0.356664
vt 0.489341 0.356664
vt 0.703945 0.356664
vt 0.910467 0.356664
vt 0.259157 0.404442
vt 0.013070 0.404442
vt 0.489341 0.404442
vt 0.703945 0.404442
vt 0.910467 0.404442
vt 0.259157 0.457368
vt 0.013070 0.457368
vt 0.489341 0.457368
vt 0.703945 0.457368
vt 0.910467 0.457368
vt 0.259157 0.507609
vt 0.013070 0.507609
vt 0.489341 0.507609
vt 0.703945 0.507609
vt 0.910467 0.507609
vt 0.259157 0.550919
vt 0.013070 0.550919
vt 0.489341 0.550919
vt 0.703945 0.550919
vt 0.910467 0.550919
vt 0.259157 0.623464
vt 0.013070 0.623464
vt 0.489341 0.623464
vt 0.703945 0.623464
vt 0.910467 0.623464
vt 0.259157 0.698354
vt 0.013070 0.698354
vt 0.489341 0.698354
vt 0.703945 0.698354
vt 0.910467 0.698354
vt 0.259157 0.772735
vt 0.013070 0.772735
vt 0.489341 0.772735
vt 0.703945 0.772735
vt 0.910467 0.772735
vt 0.013070 0.839837
vt 0.259157 0.839837
vt 0.259157 0.872838
vt 0.013070 0.872838
vt 0.489341 0.839837
vt 0.489341 0.872838
vt 0.703945 0.839837
vt 0.703945 0.872838
vt 0.910467 0.839837
vt 0.910467 0.872838
vt 0.259157 0.905805
vt 0.013070 0.905805
vt 0.489341 0.905805
vt 0.703945 0.905805
vt 0.910467 0.905805
vt 0.259157 0.935946
vt 0.013070 0.935946
vt 0.489341 0.935946
vt 0.703945 0.935946
vt 0.910467 0.935946
vt 0.259157 0.959945
vt 0.013070 0.959945
vt 0.489341 0.959945
vt 0.703945 0.959945
vt 0.910467 0.959945
vt 0.259157 0.986043
vt 0.013070 0.986043
vt 0.489341 0.986043
vt 0.703945 0.986043
vt 0.910467 0.986043
vt 0.973144 0.783473
vt 0.998914 0.772791
vt 0.998914 0.809209
vt 0.973198 0.834988
vt 0.998913 0.843509
vt 0.997205 0.919583
vt 0.944424 0.972221
vt 0.922653 0.919412
vt 0.944662 0.866755
vt 0.997205 0.848902
vt 0.997205 0.994117
vt 0.962491 0.809249
vt 0.259157 0.972994
vt 0.013070 0.972994
vt 0.013070 0.972994
vt 0.259157 0.972994
vt 0.489341 0.972994
vt 0.703945 0.972994
vt 0.910467 0.972994
vt 0.910467 0.972994
vt 0.703945 0.972994
vt 0.489341 0.972994
vn 0.000000 -0.761061 -0.648680
vn -0.458686 -0.761062 -0.458686
vn -0.695706 -0.178852 -0.695705
vn 0.000000 -0.178852 -0.983876
vn -0.648679 -0.761062 0.000000
vn -0.983876 -0.178852 -0.000000
vn -0.444197 -0.757683 0.478128
vn -0.673933 -0.176229 0.717466
vn 0.000000 -0.746643 0.665224
vn 0.000000 -0.173432 0.984846
vn -0.706588 0.038314 -0.706588
vn -0.000000 0.038314 -0.999266
vn -0.999266 0.038314 -0.000000
vn -0.683036 0.038275 0.729381
vn -0.000000 0.035903 0.999355
vn -0.708166 0.039088 -0.704963
vn -0.002806 0.028625 -0.999586
vn -0.998999 0.044727 0.000102
vn -0.684456 0.042099 0.727838
vn -0.003130 0.031257 0.999507
vn -0.711542 0.089065 -0.696976
vn -0.012485 0.012716 -0.999841
vn -0.991872 0.127147 -0.004851
vn -0.695273 0.109670 0.710329
vn -0.022148 0.045443 0.998721
vn -0.681097 0.161245 -0.714218
vn 0.028530 0.018162 -0.999428
vn -0.971839 0.233853 -0.029008
vn -0.691282 0.200825 0.694117
vn -0.023306 0.079100 0.996594
vn -0.649258 0.178435 -0.739341
vn 0.079333 0.022515 -0.996594
vn -0.963863 0.258559 -0.064146
vn -0.705637 0.219479 0.673725
vn -0.040278 0.081401 0.995867
vn -0.633122 0.150191 -0.759341
vn 0.109521 0.041256 -0.993128
vn -0.974267 0.202349 -0.099293
vn -0.741509 0.165775 0.650140
vn -0.080866 0.059731 0.994934
vn -0.616788 0.079922 -0.783062
vn 0.133897 0.047572 -0.989853
vn -0.986867 0.085087 -0.137311
vn -0.780853 0.053882 0.622387
vn -0.125930 0.005444 0.992024
vn -0.572566 -0.013384 -0.819750
vn 0.180459 0.048883 -0.982367
vn -0.980629 -0.068472 -0.183518
vn -0.794376 -0.092368 0.600362
vn -0.149926 -0.064904 0.986565
vn -0.520533 -0.083717 -0.849728
vn 0.219038 0.080532 -0.972387
vn -0.951423 -0.206808 -0.228088
vn -0.790884 -0.218013 0.571816
vn -0.176421 -0.108984 0.978263
vn -0.472774 -0.137499 -0.870390
vn 0.243442 0.116502 -0.962893
vn -0.910458 -0.319709 -0.262399
vn -0.778688 -0.315541 0.542291
vn -0.203174 -0.136033 0.969647
vn -0.412949 -0.199228 -0.888696
vn 0.266916 0.142742 -0.953090
vn -0.850698 -0.434588 -0.295713
vn -0.757035 -0.410219 0.508546
vn -0.234793 -0.160376 0.958724
vn -0.371449 -0.243032 -0.896081
vn 0.288298 0.146676 -0.946240
vn -0.810191 -0.498684 -0.308067
vn -0.743464 -0.454481 0.490620
vn -0.260059 -0.166010 0.951215
vn -0.346859 -0.273452 -0.897169
vn 0.303000 0.131400 -0.943888
vn -0.787658 -0.528104 -0.317334
vn -0.743778 -0.472057 0.473241
vn -0.283126 -0.165149 0.944757
vn -0.313761 -0.317910 -0.894700
vn 0.335058 0.082726 -0.938559
vn -0.757453 -0.567639 -0.322570
vn -0.721905 -0.509969 0.467744
vn -0.264439 -0.198401 0.943774
vn 0.381886 0.000189 -0.924209
vn -0.259466 -0.395608 -0.881006
vn -0.192457 -0.482764 -0.854341
vn 0.432401 -0.096772 -0.896473
vn -0.697949 -0.641696 -0.317953
vn -0.619343 -0.723214 -0.305573
vn -0.664569 -0.585220 0.464613
vn -0.586303 -0.668663 0.457316
vn -0.214463 -0.271232 0.938317
vn -0.151781 -0.358233 0.921212
vn -0.196323 -0.477782 -0.856260
vn 0.429315 -0.090569 -0.898602
vn -0.622899 -0.719808 -0.306387
vn -0.589149 -0.666254 0.457176
vn -0.152755 -0.356931 0.921556
vn -0.326649 -0.298914 -0.896633
vn 0.323296 0.102530 -0.940727
vn -0.769977 -0.548642 -0.325772
vn -0.736185 -0.493571 0.463055
vn -0.273566 -0.182669 0.944348
vn -0.513851 0.055105 -0.856108
vn 0.095950 0.430292 -0.897576
vn -0.930436 -0.176180 -0.321326
vn -0.899938 -0.123154 0.418264
vn -0.459749 0.153667 0.874652
vn -0.614431 0.378701 -0.692142
vn -0.132181 0.675726 -0.725205
vn -0.943010 0.195696 -0.269137
vn -0.917663 0.235970 0.319707
vn -0.572263 0.453395 0.683336
vn -0.000000 -1.000000 -0.000220
vn -0.527329 0.848858 -0.036946
vn -0.597342 0.759750 -0.256831
vn -0.705818 0.698678 -0.116919
vn -0.695913 0.713581 0.080663
vn -0.586945 0.781547 0.211379
vn -0.437917 0.858222 -0.267739
vn 0.695705 -0.178852 -0.695705
vn 0.458685 -0.761062 -0.458686
vn 0.983876 -0.178852 -0.000000
vn 0.648679 -0.761062 0.000000
vn 0.673933 -0.176229 0.717466
vn 0.444197 -0.757683 0.478128
vn 0.706588 0.038314 -0.706588
vn 0.999266 0.038314 -0.000000
vn 0.683036 0.038275 0.729381
vn 0.705954 0.019415 -0.707991
vn 0.999856 0.016964 0.001013
vn 0.680373 0.023137 0.732501
vn 0.703697 -0.058466 -0.708090
vn 0.996949 -0.077415 0.009970
vn 0.665040 -0.028413 0.746267
vn 0.724935 -0.108369 -0.680239
vn 0.989751 -0.140655 0.024704
vn 0.666990 -0.057631 0.742835
vn 0.756378 -0.108083 -0.645143
vn 0.988444 -0.142054 0.052911
vn 0.660081 -0.064360 0.748432
vn 0.782705 -0.053699 -0.620072
vn 0.992331 -0.085113 0.089639
vn 0.633372 -0.040098 0.772808
vn 0.802955 0.010728 -0.595943
vn 0.991643 -0.015414 0.128092
vn 0.597890 -0.020765 0.801309
vn 0.823786 0.084855 -0.560514
vn 0.982925 0.067117 0.171327
vn 0.568654 -0.000407 0.822577
vn 0.828898 0.192610 -0.525194
vn 0.958654 0.184091 0.217009
vn 0.526780 0.051449 0.848443
vn 0.817296 0.296214 -0.494252
vn 0.920035 0.296717 0.255919
vn 0.477284 0.107934 0.872095
vn 0.792640 0.393539 -0.465671
vn 0.864723 0.409953 0.290161
vn 0.416266 0.167441 0.893693
vn 0.780574 0.440631 -0.443337
vn 0.824650 0.470803 0.313522
vn 0.370294 0.204740 0.906071
vn 0.780367 0.448748 -0.435491
vn 0.806689 0.493285 0.325459
vn 0.339850 0.222476 0.913787
vn 0.808937 0.399964 -0.430870
vn 0.830790 0.448587 0.329481
vn 0.360660 0.183433 0.914482
vn 0.889160 0.208621 -0.407272
vn 0.850414 0.313843 -0.422255
vn 0.910232 0.254512 0.326652
vn 0.871660 0.361619 0.330819
vn 0.457989 -0.001137 0.888957
vn 0.407469 0.100042 0.907723
vn 0.887162 0.214796 -0.408419
vn 0.908848 0.259305 0.326735
vn 0.456870 0.002376 0.889530
vn 0.798216 0.420115 -0.431689
vn 0.819612 0.467444 0.331258
vn 0.353172 0.202761 0.913322
vn 0.540302 0.728934 -0.420392
vn 0.558532 0.775589 0.294114
vn 0.120395 0.529058 0.840002
vn 0.219341 0.911659 -0.347516
vn 0.233562 0.947778 0.217178
vn -0.113983 0.749694 0.651894
vn -0.316389 0.947607 0.044041
vn -0.321472 0.936089 -0.142807
vn -0.434503 0.880679 0.188710
s 1
g pCylinder3
usemtl initialShadingGroup
f 559/763/559 560/884/560 565/765/561 564/766/562
f 560/884/560 561/883/563 566/768/564 565/765/561
f 561/883/563 562/882/565 567/770/566 566/768/564
f 562/882/565 563/880/567 568/772/568 567/770/566
f 564/766/562 565/765/561 570/773/569 569/774/570
f 565/765/561 566/768/564 571/775/571 570/773/569
f 566/768/564 567/770/566 572/776/572 571/775/571
f 567/770/566 568/772/568 573/777/573 572/776/572
f 569/774/570 570/773/569 575/778/574 574/779/575
f 570/773/569 571/775/571 576/780/576 575/778/574
f 571/775/571 572/776/572 577/781/577 576/780/576
f 572/776/572 573/777/573 578/782/578 577/781/577
f 574/779/575 575/778/574 580/783/579 579/784/580
f 575/778/574 576/780/576 581/785/581 580/783/579
f 576/780/576 577/781/577 582/786/582 581/785/581
f 577/781/577 578/782/578 583/787/583 582/786/582
f 579/784/580 580/783/579 585/788/584 584/789/585
f 580/783/579 581/785/581 586/790/586 585/788/584
f 581/785/581 582/786/582 587/791/587 586/790/586
f 582/786/582 583/787/583 588/792/588 587/791/587
f 584/789/585 585/788/584 590/793/589 589/794/590
f 585/788/584 586/790/586 591/795/591 590/793/589
f 586/790/586 587/791/587 592/796/592 591/795/591
f 587/791/587 588/792/588 593/797/593 592/796/592
f 589/794/590 590/793/589 595/798/594 594/799/595
f 590/793/589 591/795/591 596/800/596 595/798/594
f 591/795/591 592/796/592 597/801/597 596/800/596
f 592/796/592 593/797/593 598/802/598 597/801/597
f 594/799/595 595/798/594 600/803/599 599/804/600
f 595/798/594 596/800/596 601/805/601 600/803/599
f 596/800/596 597/801/597 602/806/602 601/805/601
f 597/801/597 598/802/598 603/807/603 602/806/602
f 599/804/600 600/803/599 605/808/604 604/809/605
f 600/803/599 601/805/601 606/810/606 605/808/604
f 601/805/601 602/806/602 607/811/607 606/810/606
f 602/806/602 603/807/603 608/812/608 607/811/607
f 604/809/605 605/808/604 610/813/609 609/814/610
f 605/808/604 606/810/606 611/815/611 610/813/609
f 606/810/606 607/811/607 612/816/612 611/815/611
f 607/811/607 608/812/608 613/817/613 612/816/612
f 609/814/610 610/813/609 615/818/614 614/819/615
f 610/813/609 611/815/611 616/820/616 615/818/614
f 611/815/611 612/816/612 617/821/617 616/820/616
f 612/816/612 613/817/613 618/822/618 617/821/617
f 614/819/615 615/818/614 620/823/619 619/824/620
f 615/818/614 616/820/616 621/825/621 620/823/619
f 616/820/616 617/821/617 622/826/622 621/825/621
f 617/821/617 618/822/618 623/827/623 622/826/622
f 619/824/620 620/823/619 625/828/624 624/829/625
f 620/823/619 621/825/621 626/830/626 625/828/624
f 621/825/621 622/826/622 627/831/627 626/830/626
f 622/826/622 623/827/623 628/832/628 627/831/627
f 624/829/625 625/828/624 630/833/629 629/834/630
f 625/828/624 626/830/626 631/835/631 630/833/629
f 626/830/626 627/831/627 632/836/632 631/835/631
f 627/831/627 628/832/628 633/837/633 632/836/632
f 629/834/630 630/833/629 669/838/634 670/839/635
f 630/833/629 631/835/631 668/840/636 669/838/634
f 631/835/631 632/836/632 667/841/637 668/840/636
f 632/836/632 633/837/633 666/842/638 667/841/637
f 634/843/639 635/844/640 640/845/641 639/846/642
f 635/844/640 636/847/643 641/848/644 640/845/641
f 636/847/643 637/849/645 642/850/646 641/848/644
f 637/849/645 638/851/647 643/852/648 642/850/646
f 639/846/642 640/845/641 645/853/649 644/854/650
f 640/845/641 641/848/644 646/855/651 645/853/649
f 641/848/644 642/850/646 647/856/652 646/855/651
f 642/850/646 643/852/648 648/857/653 647/856/652
f 644/854/650 645/853/649 650/858/654 649/859/655
f 645/853/649 646/855/651 651/860/656 650/858/654
f 646/855/651 647/856/652 652/861/657 651/860/656
f 647/856/652 648/857/653 653/862/658 652/861/657
f 649/859/655 650/858/654 655/863/659 654/864/660
f 650/858/654 651/860/656 656/865/661 655/863/659
f 651/860/656 652/861/657 657/866/662 656/865/661
f 652/861/657 653/862/658 658/867/663 657/866/662
f 654/864/660 655/863/659 737/1007/664 738/1009/665
f 655/863/659 656/865/661 744/1016/666 737/1007/664
f 656/865/661 657/866/662 743/1015/667 744/1016/666
f 657/866/662 658/867/663 742/1013/668 743/1015/667
f 560/764/560 559/881/559 664/873/669
f 562/769/565 664/873/669 563/771/567
f 665/874/670 660/868/671 661/870/672
f 665/874/670 661/870/672 662/871/673
f 667/841/637 666/842/638 638/851/647 637/849/645
f 668/840/636 667/841/637 637/849/645 636/847/643
f 669/838/634 668/840/636 636/847/643 635/844/640
f 670/839/635 669/838/634 635/844/640 634/843/639
f 665/874/670 662/871/673 663/875/674
f 665/874/670 659/869/675 660/868/671
f 560/764/560 664/873/669 561/767/563
f 562/769/565 561/767/563 664/873/669
f 559/885/559 564/888/562 674/887/676 671/886/677
f 671/886/677 674/887/676 675/890/678 672/889/679
f 672/889/679 675/890/678 676/892/680 673/891/681
f 673/891/681 676/892/680 568/894/568 563/893/567
f 564/888/562 569/896/570 677/895/682 674/887/676
f 674/887/676 677/895/682 678/897/683 675/890/678
f 675/890/678 678/897/683 679/898/684 676/892/680
f 676/892/680 679/898/684 573/899/573 568/894/568
f 569/896/570 574/901/575 680/900/685 677/895/682
f 677/895/682 680/900/685 681/902/686 678/897/683
f 678/897/683 681/902/686 682/903/687 679/898/684
f 679/898/684 682/903/687 578/904/578 573/899/573
f 574/901/575 579/906/580 683/905/688 680/900/685
f 680/900/685 683/905/688 684/907/689 681/902/686
f 681/902/686 684/907/689 685/908/690 682/903/687
f 682/903/687 685/908/690 583/909/583 578/904/578
f 579/906/580 584/911/585 686/910/691 683/905/688
f 683/905/688 686/910/691 687/912/692 684/907/689
f 684/907/689 687/912/692 688/913/693 685/908/690
f 685/908/690 688/913/693 588/914/588 583/909/583
f 584/911/585 589/916/590 689/915/694 686/910/691
f 686/910/691 689/915/694 690/917/695 687/912/692
f 687/912/692 690/917/695 691/918/696 688/913/693
f 688/913/693 691/918/696 593/919/593 588/914/588
f 589/916/590 594/921/595 692/920/697 689/915/694
f 689/915/694 692/920/697 693/922/698 690/917/695
f 690/917/695 693/922/698 694/923/699 691/918/696
f 691/918/696 694/923/699 598/924/598 593/919/593
f 594/921/595 599/926/600 695/925/700 692/920/697
f 692/920/697 695/925/700 696/927/701 693/922/698
f 693/922/698 696/927/701 697/928/702 694/923/699
f 694/923/699 697/928/702 603/929/603 598/924/598
f 599/926/600 604/931/605 698/930/703 695/925/700
f 695/925/700 698/930/703 699/932/704 696/927/701
f 696/927/701 699/932/704 700/933/705 697/928/702
f 697/928/702 700/933/705 608/934/608 603/929/603
f 604/931/605 609/936/610 701/935/706 698/930/703
f 698/930/703 701/935/706 702/937/707 699/932/704
f 699/932/704 702/937/707 703/938/708 700/933/705
f 700/933/705 703/938/708 613/939/613 608/934/608
f 609/936/610 614/941/615 704/940/709 701/935/706
f 701/935/706 704/940/709 705/942/710 702/937/707
f 702/937/707 705/942/710 706/943/711 703/938/708
f 703/938/708 706/943/711 618/944/618 613/939/613
f 614/941/615 619/946/620 707/945/712 704/940/709
f 704/940/709 707/945/712 708/947/713 705/942/710
f 705/942/710 708/947/713 709/948/714 706/943/711
f 706/943/711 709/948/714 623/949/623 618/944/618
f 619/946/620 624/951/625 710/950/715 707/945/712
f 707/945/712 710/950/715 711/952/716 708/947/713
f 708/947/713 711/952/716 712/953/717 709/948/714
f 709/948/714 712/953/717 628/954/628 623/949/623
f 624/951/625 629/956/630 713/955/718 710/950/715
f 710/950/715 713/955/718 714/957/719 711/952/716
f 711/952/716 714/957/719 715/958/720 712/953/717
f 712/953/717 715/958/720 633/959/633 628/954/628
f 629/956/630 670/961/635 736/960/721 713/955/718
f 713/955/718 736/960/721 735/962/722 714/957/719
f 714/957/719 735/962/722 734/963/723 715/958/720
f 715/958/720 734/963/723 666/964/638 633/959/633
f 634/965/639 639/968/642 719/967/724 716/966/725
f 716/966/725 719/967/724 720/970/726 717/969/727
f 717/969/727 720/970/726 721/972/728 718/971/729
f 718/971/729 721/972/728 643/974/648 638/973/647
f 639/968/642 644/976/650 722/975/730 719/967/724
f 719/967/724 722/975/730 723/977/731 720/970/726
f 720/970/726 723/977/731 724/978/732 721/972/728
f 721/972/728 724/978/732 648/979/653 643/974/648
f 644/976/650 649/981/655 725/980/733 722/975/730
f 722/975/730 725/980/733 726/982/734 723/977/731
f 723/977/731 726/982/734 727/983/735 724/978/732
f 724/978/732 727/983/735 653/984/658 648/979/653
f 649/981/655 654/986/660 728/985/736 725/980/733
f 725/980/733 728/985/736 729/987/737 726/982/734
f 726/982/734 729/987/737 730/988/738 727/983/735
f 727/983/735 730/988/738 658/989/663 653/984/658
f 654/986/660 738/1008/665 739/1010/739 728/985/736
f 728/985/736 739/1010/739 740/1011/740 729/987/737
f 729/987/737 740/1011/740 741/1012/741 730/988/738
f 730/988/738 741/1012/741 742/1014/668 658/989/663
f 671/995/677 664/997/669 559/996/559
f 673/998/681 563/999/567 664/997/669
f 665/1000/670 732/1002/742 731/1001/743
f 665/1000/670 733/1003/744 732/1002/742
f 734/963/723 718/971/729 638/973/647 666/964/638
f 735/962/722 717/969/727 718/971/729 734/963/723
f 736/960/721 716/966/725 717/969/727 735/962/722
f 670/961/635 634/965/639 716/966/725 736/960/721
f 665/1000/670 663/1004/674 733/1003/744
f 665/1000/670 731/1001/743 659/1005/675
f 671/995/677 672/1006/679 664/997/669
f 673/998/681 664/997/669 672/1006/679
f 738/1009/665 737/1007/664 660/879/671 659/876/675
f 739/1010/739 738/1008/665 659/991/675 731/990/743
f 740/1011/740 739/1010/739 731/990/743 732/992/742
f 741/1012/741 740/1011/740 732/992/742 733/993/744
f 742/1014/668 741/1012/741 733/993/744 663/994/674
f 743/1015/667 742/1013/668 663/872/674 662/877/673
f 744/1016/666 743/1015/667 662/877/673 661/878/672
f 737/1007/664 744/1016/666 661/878/672 660/879/671
g default
v 11.580498 -5.879273 -9.811183
v 9.295541 -5.879273 -8.864722
v 8.349081 -5.879273 -6.579766
v 9.295541 -5.879273 -4.294809
v 11.580498 -5.879273 -3.555950
v 11.580498 -2.333842 -11.379308
v 8.186708 -2.333842 -9.973555
v 6.780956 -2.333842 -6.579766
v 8.186709 -2.333842 -3.185976
v 11.580498 -2.333842 -2.088568
v 11.580498 6.877993 -11.357143
v 8.202382 6.877993 -9.957882
v 6.803121 6.877993 -6.579766
v 8.202382 6.877993 -3.201649
v 11.580498 6.877993 -2.109309
v 11.580498 22.898242 -10.876324
v 8.542371 22.898242 -9.617893
v 7.283940 22.898242 -6.579766
v 8.542371 22.898242 -3.541638
v 11.580498 22.898242 -2.559236
v 11.629918 44.848532 -10.805018
v 8.659641 44.847806 -9.575231
v 7.428928 44.847059 -6.605339
v 8.658714 44.846742 -3.635062
v 11.628648 44.847079 -2.674198
v 13.457723 71.991094 -11.050940
v 10.912347 71.965932 -10.015383
v 9.844793 71.940245 -7.483264
v 10.880426 71.929087 -4.937859
v 13.414030 71.940675 -4.100896
v 16.676700 93.747302 -11.622481
v 14.660263 93.690603 -10.829792
v 13.795291 93.632455 -8.843314
v 14.588476 93.606914 -6.826695
v 16.578438 93.632769 -6.143099
v 19.580634 108.655422 -12.117591
v 17.941619 108.580624 -11.495115
v 17.223574 108.503582 -9.895722
v 17.847118 108.469397 -8.256315
v 19.451285 108.503161 -7.684369
v 22.238537 120.939424 -12.470363
v 20.917882 120.856844 -11.985985
v 20.327699 120.771355 -10.709216
v 20.813708 120.733027 -9.387965
v 22.095944 120.769975 -8.914228
v 25.671182 136.213909 -13.198609
v 24.398819 136.104897 -12.754900
v 23.814985 135.991361 -11.540684
v 24.261682 135.939780 -10.267229
v 25.483470 135.987855 -9.793520
v 29.282689 153.007101 -13.906353
v 27.842767 152.845628 -13.434453
v 27.162429 152.676174 -12.081068
v 27.640211 152.597960 -10.638998
v 29.005432 152.668074 -10.079976
v 32.228177 168.986199 -14.063003
v 30.657779 168.771755 -13.579330
v 29.896166 168.545063 -12.124394
v 30.389478 168.438910 -10.550476
v 31.860927 168.530609 -9.917151
v 34.217028 182.920158 -13.811754
v 32.532205 182.657304 -13.319724
v 31.698414 182.377854 -11.776931
v 32.204086 182.245497 -10.087119
v 33.767909 182.356457 -9.387010
v 36.127797 206.870182 -12.637678
v 34.260816 206.528386 -12.134636
v 33.311311 206.161964 -10.453318
v 33.835490 205.985627 -8.578619
v 35.545614 206.127280 -7.770250
v 36.074105 232.785631 -10.703691
v 34.011100 232.370472 -10.179605
v 32.943072 231.923002 -8.342891
v 33.495659 231.705305 -6.269475
v 35.368577 231.875154 -5.351562
v 31.777406 285.762376 -7.607607
v 28.425865 285.067035 -6.774031
v 26.680307 284.316152 -3.801948
v 27.563258 283.949513 -0.432366
v 30.596687 284.232681 1.072772
v 30.740489 298.521610 -8.030419
v 26.229228 297.585706 -6.908403
v 23.879670 296.574956 -2.907910
v 25.068143 296.081468 1.627629
v 29.151242 296.462092 3.653661
v 29.769256 311.258453 -8.874809
v 23.780160 310.015961 -7.385234
v 20.660908 308.674135 -2.074223
v 22.238899 308.019521 3.946968
v 27.659389 308.523215 6.637458
v 28.597183 325.843288 -9.445450
v 21.193127 324.307184 -7.603955
v 17.336931 322.648307 -1.038185
v 19.287504 321.838342 6.405723
v 25.988796 322.463999 9.730794
v 27.380042 336.164259 -7.285416
v 20.890107 334.813671 -5.669066
v 17.517022 333.351563 0.086123
v 19.226006 332.635612 6.598295
v 25.096418 333.095770 9.565960
v 25.468745 345.265881 0.160500
v 23.871116 344.932155 0.558775
v 23.042117 344.569946 1.975494
v 23.462911 344.391255 3.575234
v 24.908051 344.504871 4.302340
v 11.580498 -7.828924 -6.579766
v 25.075427 345.922097 2.386928
v 33.314434 259.063309 -2.538715
v 31.231709 258.868902 -3.572127
v 30.625481 259.120601 -5.885653
v 31.823965 259.636153 -7.926258
v 34.125104 260.113560 -8.498584
v 13.865455 -5.879273 -8.864722
v 14.811916 -5.879273 -6.579766
v 13.865455 -5.879273 -4.294809
v 14.974289 -2.333842 -9.973555
v 16.380041 -2.333842 -6.579766
v 14.974288 -2.333842 -3.185976
v 14.958614 6.877993 -9.957882
v 16.357876 6.877993 -6.579766
v 14.958614 6.877993 -3.201649
v 14.618626 22.898242 -9.617893
v 15.877057 22.898242 -6.579766
v 14.618626 22.898242 -3.541638
v 14.599810 44.848824 -9.574303
v 15.829596 44.848513 -6.604027
v 14.598882 44.847761 -3.634134
v 15.989877 72.001014 -9.983312
v 17.025510 71.989858 -7.437908
v 15.957956 71.964166 -4.905788
v 18.663400 93.769366 -10.757032
v 19.456584 93.743848 -8.740415
v 18.591613 93.685702 -6.753936
v 21.180506 108.684142 -11.398513
v 21.804052 108.649962 -9.759107
v 21.086007 108.572905 -8.159714
v 23.516038 120.970741 -11.878602
v 24.002049 120.932442 -10.557352
v 23.411865 120.846954 -9.280582
v 26.886740 136.254502 -12.611889
v 27.333436 136.202907 -11.338436
v 26.749601 136.089360 -10.124218
v 30.638711 153.065966 -13.220339
v 31.116491 152.987752 -11.778267
v 30.436153 152.818263 -10.424883
v 33.687438 169.062767 -13.292083
v 34.180750 168.956643 -11.718164
v 33.419136 168.729931 -10.263228
v 35.765947 183.012431 -12.964794
v 36.271619 182.880054 -11.274982
v 35.437829 182.600595 -9.732186
v 37.818601 206.987190 -11.667770
v 38.342778 206.810842 -9.793068
v 37.393273 206.444440 -8.111750
v 37.923605 232.925306 -9.608150
v 38.476195 232.707590 -7.534733
v 37.408165 232.260080 -5.698018
v 34.771648 285.994790 -5.814382
v 35.654599 285.628150 -2.444799
v 33.909041 284.877228 0.527284
v 34.770807 298.834409 -5.616694
v 35.959283 298.340921 -1.081155
v 33.609720 297.330190 2.919340
v 35.119863 311.673751 -5.670374
v 36.697672 311.018563 0.350953
v 33.578191 309.677271 5.661763
v 35.211906 326.356674 -5.483950
v 37.162479 325.546709 1.959955
v 33.306282 323.887852 8.525728
v 33.178143 336.610097 -3.810796
v 34.882690 335.890347 2.712261
v 31.508011 334.431207 8.455654
v 26.896152 345.374393 1.016239
v 27.314899 345.194555 2.621645
v 26.485460 344.833097 4.032323
v 35.588670 259.505853 -2.913242
v 36.787154 260.021395 -4.953848
v 36.180926 260.273173 -7.267372
v 21.782054 343.163381 -2.623028
v 26.157205 344.076755 -3.713606
v 30.066169 344.374561 -1.370251
v 31.213162 343.882794 3.026314
v 28.941345 342.893505 6.890418
v 24.621303 341.994332 7.630835
v 20.663739 341.683412 5.638634
v 19.511421 342.172113 1.256704
vt 0.013070 0.005073
vt 0.973144 0.783473
vt 0.259157 0.014298
vt 0.013070 0.014298
vt 0.962491 0.809249
vt 0.489341 0.014298
vt 0.973198 0.834988
vt 0.703945 0.014298
vt 0.998913 0.843509
vt 0.910467 0.014298
vt 0.259157 0.038267
vt 0.013070 0.038267
vt 0.489341 0.038267
vt 0.703945 0.038267
vt 0.910467 0.038267
vt 0.259157 0.079951
vt 0.013070 0.079951
vt 0.489341 0.079951
vt 0.703945 0.079951
vt 0.910467 0.079951
vt 0.259157 0.137149
vt 0.013070 0.137149
vt 0.489341 0.137149
vt 0.703945 0.137149
vt 0.910467 0.137149
vt 0.259157 0.211085
vt 0.013070 0.211085
vt 0.489341 0.211085
vt 0.703945 0.211085
vt 0.910467 0.211085
vt 0.259157 0.273976
vt 0.013070 0.273976
vt 0.489341 0.273976
vt 0.703945 0.273976
vt 0.910467 0.273976
vt 0.259157 0.318821
vt 0.013070 0.318821
vt 0.489341 0.318821
vt 0.703945 0.318821
vt 0.910467 0.318821
vt 0.259157 0.356664
vt 0.013070 0.356664
vt 0.489341 0.356664
vt 0.703945 0.356664
vt 0.910467 0.356664
vt 0.259157 0.404442
vt 0.013070 0.404442
vt 0.489341 0.404442
vt 0.703945 0.404442
vt 0.910467 0.404442
vt 0.259157 0.457368
vt 0.013070 0.457368
vt 0.489341 0.457368
vt 0.703945 0.457368
vt 0.910467 0.457368
vt 0.259157 0.507609
vt 0.013070 0.507609
vt 0.489341 0.507609
vt 0.703945 0.507609
vt 0.910467 0.507609
vt 0.259157 0.550919
vt 0.013070 0.550919
vt 0.489341 0.550919
vt 0.703945 0.550919
vt 0.910467 0.550919
vt 0.259157 0.623464
vt 0.013070 0.623464
vt 0.489341 0.623464
vt 0.703945 0.623464
vt 0.910467 0.623464
vt 0.259157 0.698354
vt 0.013070 0.698354
vt 0.489341 0.698354
vt 0.703945 0.698354
vt 0.910467 0.698354
vt 0.259157 0.772735
vt 0.013070 0.772735
vt 0.489341 0.772735
vt 0.703945 0.772735
vt 0.910467 0.772735
vt 0.013070 0.839837
vt 0.259157 0.839837
vt 0.259157 0.872838
vt 0.013070 0.872838
vt 0.489341 0.839837
vt 0.489341 0.872838
vt 0.703945 0.839837
vt 0.703945 0.872838
vt 0.910467 0.839837
vt 0.910467 0.872838
vt 0.259157 0.905805
vt 0.013070 0.905805
vt 0.489341 0.905805
vt 0.703945 0.905805
vt 0.910467 0.905805
vt 0.259157 0.935946
vt 0.013070 0.935946
vt 0.489341 0.935946
vt 0.703945 0.935946
vt 0.910467 0.935946
vt 0.259157 0.959945
vt 0.013070 0.959945
vt 0.489341 0.959945
vt 0.703945 0.959945
vt 0.910467 0.959945
vt 0.944424 0.972221
vt 0.997205 0.994117
vt 0.922653 0.919412
vt 0.944662 0.866755
vt 0.910467 0.986043
vt 0.998914 0.809209
vt 0.997205 0.919583
vt 0.997205 0.848902
vt 0.013070 0.986043
vt 0.703945 0.986043
vt 0.489341 0.986043
vt 0.259157 0.986043
vt 0.910467 0.005073
vt 0.998914 0.772791
vt 0.703945 0.005073
vt 0.489341 0.005073
vt 0.259157 0.005073
vt 0.013070 0.005073
vt 0.259157 0.005073
vt 0.259157 0.014298
vt 0.013070 0.014298
vt 0.489341 0.005073
vt 0.489341 0.014298
vt 0.703945 0.005073
vt 0.703945 0.014298
vt 0.910467 0.005073
vt 0.910467 0.014298
vt 0.259157 0.038267
vt 0.013070 0.038267
vt 0.489341 0.038267
vt 0.703945 0.038267
vt 0.910467 0.038267
vt 0.259157 0.079951
vt 0.013070 0.079951
vt 0.489341 0.079951
vt 0.703945 0.079951
vt 0.910467 0.079951
vt 0.259157 0.137149
vt 0.013070 0.137149
vt 0.489341 0.137149
vt 0.703945 0.137149
vt 0.910467 0.137149
vt 0.259157 0.211085
vt 0.013070 0.211085
vt 0.489341 0.211085
vt 0.703945 0.211085
vt 0.910467 0.211085
vt 0.259157 0.273976
vt 0.013070 0.273976
vt 0.489341 0.273976
vt 0.703945 0.273976
vt 0.910467 0.273976
vt 0.259157 0.318821
vt 0.013070 0.318821
vt 0.489341 0.318821
vt 0.703945 0.318821
vt 0.910467 0.318821
vt 0.259157 0.356664
vt 0.013070 0.356664
vt 0.489341 0.356664
vt 0.703945 0.356664
vt 0.910467 0.356664
vt 0.259157 0.404442
vt 0.013070 0.404442
vt 0.489341 0.404442
vt 0.703945 0.404442
vt 0.910467 0.404442
vt 0.259157 0.457368
vt 0.013070 0.457368
vt 0.489341 0.457368
vt 0.703945 0.457368
vt 0.910467 0.457368
vt 0.259157 0.507609
vt 0.013070 0.507609
vt 0.489341 0.507609
vt 0.703945 0.507609
vt 0.910467 0.507609
vt 0.259157 0.550919
vt 0.013070 0.550919
vt 0.489341 0.550919
vt 0.703945 0.550919
vt 0.910467 0.550919
vt 0.259157 0.623464
vt 0.013070 0.623464
vt 0.489341 0.623464
vt 0.703945 0.623464
vt 0.910467 0.623464
vt 0.259157 0.698354
vt 0.013070 0.698354
vt 0.489341 0.698354
vt 0.703945 0.698354
vt 0.910467 0.698354
vt 0.259157 0.772735
vt 0.013070 0.772735
vt 0.489341 0.772735
vt 0.703945 0.772735
vt 0.910467 0.772735
vt 0.013070 0.839837
vt 0.259157 0.839837
vt 0.259157 0.872838
vt 0.013070 0.872838
vt 0.489341 0.839837
vt 0.489341 0.872838
vt 0.703945 0.839837
vt 0.703945 0.872838
vt 0.910467 0.839837
vt 0.910467 0.872838
vt 0.259157 0.905805
vt 0.013070 0.905805
vt 0.489341 0.905805
vt 0.703945 0.905805
vt 0.910467 0.905805
vt 0.259157 0.935946
vt 0.013070 0.935946
vt 0.489341 0.935946
vt 0.703945 0.935946
vt 0.910467 0.935946
vt 0.259157 0.959945
vt 0.013070 0.959945
vt 0.489341 0.959945
vt 0.703945 0.959945
vt 0.910467 0.959945
vt 0.259157 0.986043
vt 0.013070 0.986043
vt 0.489341 0.986043
vt 0.703945 0.986043
vt 0.910467 0.986043
vt 0.973144 0.783473
vt 0.998914 0.772791
vt 0.998914 0.809209
vt 0.973198 0.834988
vt 0.998913 0.843509
vt 0.997205 0.919583
vt 0.944424 0.972221
vt 0.922653 0.919412
vt 0.944662 0.866755
vt 0.997205 0.848902
vt 0.997205 0.994117
vt 0.962491 0.809249
vt 0.259157 0.972994
vt 0.013070 0.972994
vt 0.013070 0.972994
vt 0.259157 0.972994
vt 0.489341 0.972994
vt 0.703945 0.972994
vt 0.910467 0.972994
vt 0.910467 0.972994
vt 0.703945 0.972994
vt 0.489341 0.972994
vn 0.000000 -0.519884 -0.854237
vn -0.604038 -0.519883 -0.604037
vn -0.703748 -0.097364 -0.703747
vn 0.000000 -0.097364 -0.995249
vn -0.854238 -0.519883 -0.000000
vn -0.995249 -0.097364 0.000000
vn -0.583954 -0.516579 0.626214
vn -0.680883 -0.096538 0.726002
vn 0.000000 -0.501962 0.864890
vn -0.000000 -0.093040 0.995662
vn -0.706972 0.019531 -0.706972
vn -0.000000 0.019531 -0.999809
vn -0.999809 0.019531 0.000000
vn -0.683272 0.019516 0.729903
vn -0.000000 0.018289 0.999833
vn -0.707214 0.016093 -0.706816
vn -0.000262 0.015024 -0.999887
vn -0.999857 0.016908 0.000113
vn -0.683204 0.016975 0.730030
vn -0.000282 0.015281 0.999883
vn -0.711927 0.027901 -0.701699
vn -0.006713 -0.002826 -0.999973
vn -0.998747 0.049974 0.002566
vn -0.686315 0.051089 0.725508
vn -0.008312 0.030829 0.999490
vn -0.703912 0.066619 -0.707156
vn 0.002769 -0.015329 -0.999879
vn -0.992328 0.123559 -0.004364
vn -0.684207 0.124705 0.718547
vn -0.009910 0.070641 0.997453
vn -0.687318 0.101917 -0.719171
vn 0.024645 -0.031896 -0.999187
vn -0.981010 0.193218 -0.016932
vn -0.679930 0.191046 0.707952
vn -0.010882 0.099581 0.994970
vn -0.678267 0.124610 -0.724173
vn 0.038492 -0.038568 -0.998514
vn -0.972750 0.230529 -0.024767
vn -0.683523 0.221600 0.695478
vn -0.023758 0.107065 0.993968
vn -0.679039 0.127080 -0.723019
vn 0.041656 -0.047642 -0.997995
vn -0.972108 0.232741 -0.028932
vn -0.697862 0.215503 0.683042
vn -0.048378 0.089252 0.994834
vn -0.669675 0.111152 -0.734289
vn 0.059607 -0.057809 -0.996547
vn -0.977261 0.207859 -0.041900
vn -0.713811 0.180598 0.676653
vn -0.063945 0.050128 0.996694
vn -0.655336 0.105559 -0.747925
vn 0.082033 -0.042090 -0.995740
vn -0.981552 0.182111 -0.058239
vn -0.728113 0.143399 0.670290
vn -0.076292 0.017458 0.996933
vn -0.641613 0.102509 -0.760148
vn 0.101714 -0.013630 -0.994720
vn -0.985651 0.151372 -0.074691
vn -0.740718 0.102082 0.664015
vn -0.086941 -0.010697 0.996156
vn -0.640871 0.088749 -0.762501
vn 0.101705 0.026850 -0.994452
vn -0.991528 0.093943 -0.089700
vn -0.761350 0.035923 0.647345
vn -0.115324 -0.047158 0.992208
vn -0.617368 0.065925 -0.783907
vn 0.128049 0.056915 -0.990133
vn -0.992707 0.032341 -0.116130
vn -0.766123 -0.030215 0.641984
vn -0.114479 -0.079219 0.990262
vn -0.604898 0.033595 -0.795594
vn 0.137176 0.081688 -0.987173
vn -0.989854 -0.039487 -0.136494
vn -0.769981 -0.098432 0.630428
vn -0.122907 -0.103952 0.986959
vn -0.595966 -0.015733 -0.802855
vn 0.140435 0.065643 -0.987911
vn -0.982617 -0.108706 -0.150490
vn -0.768647 -0.160081 0.619319
vn -0.126615 -0.134957 0.982728
vn 0.149461 0.018667 -0.988591
vn -0.580572 -0.069973 -0.811197
vn -0.571768 -0.129427 -0.810142
vn 0.153242 -0.040239 -0.987369
vn -0.971930 -0.167663 -0.165051
vn -0.958965 -0.228051 -0.168461
vn -0.762847 -0.216989 0.609082
vn -0.750870 -0.278121 0.599036
vn -0.119107 -0.180152 0.976401
vn -0.112740 -0.237430 0.964840
vn -0.573316 -0.126972 -0.809436
vn 0.152076 -0.036901 -0.987680
vn -0.959438 -0.226801 -0.167449
vn -0.751085 -0.277812 0.598910
vn -0.113336 -0.237616 0.964725
vn -0.594157 -0.010775 -0.804277
vn 0.139512 0.080995 -0.986902
vn -0.981722 -0.110791 -0.154752
vn -0.771936 -0.161866 0.614747
vn -0.128547 -0.128434 0.983352
vn -0.618134 0.201549 -0.759795
vn 0.104224 0.294707 -0.949887
vn -0.987275 0.104614 -0.119765
vn -0.779577 0.057358 0.623674
vn -0.157556 0.077783 0.984442
vn -0.603869 0.433615 -0.668820
vn 0.060989 0.528636 -0.846655
vn -0.938346 0.336368 -0.079764
vn -0.744533 0.287858 0.602336
vn -0.178012 0.305118 0.935529
vn 0.000000 -0.999999 -0.001310
vn -0.159177 0.976256 0.146924
vn -0.413264 0.883930 -0.218816
vn -0.569140 0.819519 0.066850
vn -0.467507 0.788709 0.399219
vn -0.201019 0.790829 0.578084
vn -0.090880 0.947697 -0.305960
vn 0.703747 -0.097364 -0.703747
vn 0.604037 -0.519883 -0.604037
vn 0.995249 -0.097364 -0.000000
vn 0.854238 -0.519883 -0.000001
vn 0.680883 -0.096538 0.726002
vn 0.583954 -0.516579 0.626214
vn 0.706972 0.019531 -0.706972
vn 0.999809 0.019531 0.000000
vn 0.683272 0.019516 0.729904
vn 0.706988 0.014328 -0.707081
vn 0.999896 0.014414 0.000191
vn 0.682813 0.015271 0.730434
vn 0.705796 -0.024046 -0.708007
vn 0.999736 -0.022339 0.005291
vn 0.675228 0.002511 0.737604
vn 0.708196 -0.073342 -0.702196
vn 0.997459 -0.070953 0.006422
vn 0.676037 -0.005902 0.736844
vn 0.713750 -0.126154 -0.688946
vn 0.991865 -0.127064 0.007668
vn 0.679735 -0.027680 0.732936
vn 0.719160 -0.155793 -0.677153
vn 0.986448 -0.163285 0.016088
vn 0.672156 -0.049178 0.738774
vn 0.722288 -0.178735 -0.668097
vn 0.980341 -0.195017 0.030002
vn 0.652604 -0.079210 0.753547
vn 0.730954 -0.189400 -0.655618
vn 0.975640 -0.215830 0.039299
vn 0.642549 -0.115484 0.757492
vn 0.746290 -0.165499 -0.644718
vn 0.977964 -0.202618 0.050317
vn 0.636079 -0.128415 0.760863
vn 0.762553 -0.122759 -0.635172
vn 0.983513 -0.169250 0.063691
vn 0.629974 -0.125331 0.766437
vn 0.775446 -0.054655 -0.629044
vn 0.989493 -0.111324 0.092248
vn 0.602878 -0.110198 0.790186
vn 0.790417 0.010687 -0.612476
vn 0.992837 -0.048977 0.108981
vn 0.603154 -0.089641 0.792571
vn 0.796949 0.076423 -0.599193
vn 0.991040 0.019439 0.132142
vn 0.589728 -0.059084 0.805438
vn 0.798337 0.088037 -0.595741
vn 0.989181 0.037711 0.141770
vn 0.581634 -0.059429 0.811276
vn 0.799551 -0.010799 -0.600501
vn 0.799065 0.048167 -0.599313
vn 0.990247 -0.057936 0.126706
vn 0.991265 0.001618 0.131877
vn 0.590100 -0.159219 0.791474
vn 0.589937 -0.098717 0.801392
vn 0.799635 -0.007580 -0.600439
vn 0.990218 -0.055906 0.127838
vn 0.589240 -0.158526 0.792254
vn 0.796070 0.111633 -0.594820
vn 0.987682 0.062707 0.143362
vn 0.582471 -0.041596 0.811787
vn 0.759520 0.327466 -0.562046
vn 0.944777 0.278114 0.173345
vn 0.536453 0.174321 0.825730
vn 0.667792 0.562143 -0.487903
vn 0.837727 0.511161 0.192168
vn 0.458765 0.403889 0.791460
vn 0.292038 0.934121 0.205261
vn 0.207914 0.969682 -0.128406
vn 0.101290 0.861978 0.496724
s 1
g pCylinder7
usemtl initialShadingGroup
f 745/1017/745 746/1138/746 751/1019/747 750/1020/748
f 746/1138/746 747/1137/749 752/1022/750 751/1019/747
f 747/1137/749 748/1136/751 753/1024/752 752/1022/750
f 748/1136/751 749/1134/753 754/1026/754 753/1024/752
f 750/1020/748 751/1019/747 756/1027/755 755/1028/756
f 751/1019/747 752/1022/750 757/1029/757 756/1027/755
f 752/1022/750 753/1024/752 758/1030/758 757/1029/757
f 753/1024/752 754/1026/754 759/1031/759 758/1030/758
f 755/1028/756 756/1027/755 761/1032/760 760/1033/761
f 756/1027/755 757/1029/757 762/1034/762 761/1032/760
f 757/1029/757 758/1030/758 763/1035/763 762/1034/762
f 758/1030/758 759/1031/759 764/1036/764 763/1035/763
f 760/1033/761 761/1032/760 766/1037/765 765/1038/766
f 761/1032/760 762/1034/762 767/1039/767 766/1037/765
f 762/1034/762 763/1035/763 768/1040/768 767/1039/767
f 763/1035/763 764/1036/764 769/1041/769 768/1040/768
f 765/1038/766 766/1037/765 771/1042/770 770/1043/771
f 766/1037/765 767/1039/767 772/1044/772 771/1042/770
f 767/1039/767 768/1040/768 773/1045/773 772/1044/772
f 768/1040/768 769/1041/769 774/1046/774 773/1045/773
f 770/1043/771 771/1042/770 776/1047/775 775/1048/776
f 771/1042/770 772/1044/772 777/1049/777 776/1047/775
f 772/1044/772 773/1045/773 778/1050/778 777/1049/777
f 773/1045/773 774/1046/774 779/1051/779 778/1050/778
f 775/1048/776 776/1047/775 781/1052/780 780/1053/781
f 776/1047/775 777/1049/777 782/1054/782 781/1052/780
f 777/1049/777 778/1050/778 783/1055/783 782/1054/782
f 778/1050/778 779/1051/779 784/1056/784 783/1055/783
f 780/1053/781 781/1052/780 786/1057/785 785/1058/786
f 781/1052/780 782/1054/782 787/1059/787 786/1057/785
f 782/1054/782 783/1055/783 788/1060/788 787/1059/787
f 783/1055/783 784/1056/784 789/1061/789 788/1060/788
f 785/1058/786 786/1057/785 791/1062/790 790/1063/791
f 786/1057/785 787/1059/787 792/1064/792 791/1062/790
f 787/1059/787 788/1060/788 793/1065/793 792/1064/792
f 788/1060/788 789/1061/789 794/1066/794 793/1065/793
f 790/1063/791 791/1062/790 796/1067/795 795/1068/796
f 791/1062/790 792/1064/792 797/1069/797 796/1067/795
f 792/1064/792 793/1065/793 798/1070/798 797/1069/797
f 793/1065/793 794/1066/794 799/1071/799 798/1070/798
f 795/1068/796 796/1067/795 801/1072/800 800/1073/801
f 796/1067/795 797/1069/797 802/1074/802 801/1072/800
f 797/1069/797 798/1070/798 803/1075/803 802/1074/802
f 798/1070/798 799/1071/799 804/1076/804 803/1075/803
f 800/1073/801 801/1072/800 806/1077/805 805/1078/806
f 801/1072/800 802/1074/802 807/1079/807 806/1077/805
f 802/1074/802 803/1075/803 808/1080/808 807/1079/807
f 803/1075/803 804/1076/804 809/1081/809 808/1080/808
f 805/1078/806 806/1077/805 811/1082/810 810/1083/811
f 806/1077/805 807/1079/807 812/1084/812 811/1082/810
f 807/1079/807 808/1080/808 813/1085/813 812/1084/812
f 808/1080/808 809/1081/809 814/1086/814 813/1085/813
f 810/1083/811 811/1082/810 816/1087/815 815/1088/816
f 811/1082/810 812/1084/812 817/1089/817 816/1087/815
f 812/1084/812 813/1085/813 818/1090/818 817/1089/817
f 813/1085/813 814/1086/814 819/1091/819 818/1090/818
f 815/1088/816 816/1087/815 855/1092/820 856/1093/821
f 816/1087/815 817/1089/817 854/1094/822 855/1092/820
f 817/1089/817 818/1090/818 853/1095/823 854/1094/822
f 818/1090/818 819/1091/819 852/1096/824 853/1095/823
f 820/1097/825 821/1098/826 826/1099/827 825/1100/828
f 821/1098/826 822/1101/829 827/1102/830 826/1099/827
f 822/1101/829 823/1103/831 828/1104/832 827/1102/830
f 823/1103/831 824/1105/833 829/1106/834 828/1104/832
f 825/1100/828 826/1099/827 831/1107/835 830/1108/836
f 826/1099/827 827/1102/830 832/1109/837 831/1107/835
f 827/1102/830 828/1104/832 833/1110/838 832/1109/837
f 828/1104/832 829/1106/834 834/1111/839 833/1110/838
f 830/1108/836 831/1107/835 836/1112/840 835/1113/841
f 831/1107/835 832/1109/837 837/1114/842 836/1112/840
f 832/1109/837 833/1110/838 838/1115/843 837/1114/842
f 833/1110/838 834/1111/839 839/1116/844 838/1115/843
f 835/1113/841 836/1112/840 841/1117/845 840/1118/846
f 836/1112/840 837/1114/842 842/1119/847 841/1117/845
f 837/1114/842 838/1115/843 843/1120/848 842/1119/847
f 838/1115/843 839/1116/844 844/1121/849 843/1120/848
f 840/1118/846 841/1117/845 923/1261/850 924/1263/851
f 841/1117/845 842/1119/847 930/1270/852 923/1261/850
f 842/1119/847 843/1120/848 929/1269/853 930/1270/852
f 843/1120/848 844/1121/849 928/1267/854 929/1269/853
f 746/1018/746 745/1135/745 850/1127/855
f 748/1023/751 850/1127/855 749/1025/753
f 851/1128/856 846/1122/857 847/1124/858
f 851/1128/856 847/1124/858 848/1125/859
f 853/1095/823 852/1096/824 824/1105/833 823/1103/831
f 854/1094/822 853/1095/823 823/1103/831 822/1101/829
f 855/1092/820 854/1094/822 822/1101/829 821/1098/826
f 856/1093/821 855/1092/820 821/1098/826 820/1097/825
f 851/1128/856 848/1125/859 849/1129/860
f 851/1128/856 845/1123/861 846/1122/857
f 746/1018/746 850/1127/855 747/1021/749
f 748/1023/751 747/1021/749 850/1127/855
f 745/1139/745 750/1142/748 860/1141/862 857/1140/863
f 857/1140/863 860/1141/862 861/1144/864 858/1143/865
f 858/1143/865 861/1144/864 862/1146/866 859/1145/867
f 859/1145/867 862/1146/866 754/1148/754 749/1147/753
f 750/1142/748 755/1150/756 863/1149/868 860/1141/862
f 860/1141/862 863/1149/868 864/1151/869 861/1144/864
f 861/1144/864 864/1151/869 865/1152/870 862/1146/866
f 862/1146/866 865/1152/870 759/1153/759 754/1148/754
f 755/1150/756 760/1155/761 866/1154/871 863/1149/868
f 863/1149/868 866/1154/871 867/1156/872 864/1151/869
f 864/1151/869 867/1156/872 868/1157/873 865/1152/870
f 865/1152/870 868/1157/873 764/1158/764 759/1153/759
f 760/1155/761 765/1160/766 869/1159/874 866/1154/871
f 866/1154/871 869/1159/874 870/1161/875 867/1156/872
f 867/1156/872 870/1161/875 871/1162/876 868/1157/873
f 868/1157/873 871/1162/876 769/1163/769 764/1158/764
f 765/1160/766 770/1165/771 872/1164/877 869/1159/874
f 869/1159/874 872/1164/877 873/1166/878 870/1161/875
f 870/1161/875 873/1166/878 874/1167/879 871/1162/876
f 871/1162/876 874/1167/879 774/1168/774 769/1163/769
f 770/1165/771 775/1170/776 875/1169/880 872/1164/877
f 872/1164/877 875/1169/880 876/1171/881 873/1166/878
f 873/1166/878 876/1171/881 877/1172/882 874/1167/879
f 874/1167/879 877/1172/882 779/1173/779 774/1168/774
f 775/1170/776 780/1175/781 878/1174/883 875/1169/880
f 875/1169/880 878/1174/883 879/1176/884 876/1171/881
f 876/1171/881 879/1176/884 880/1177/885 877/1172/882
f 877/1172/882 880/1177/885 784/1178/784 779/1173/779
f 780/1175/781 785/1180/786 881/1179/886 878/1174/883
f 878/1174/883 881/1179/886 882/1181/887 879/1176/884
f 879/1176/884 882/1181/887 883/1182/888 880/1177/885
f 880/1177/885 883/1182/888 789/1183/789 784/1178/784
f 785/1180/786 790/1185/791 884/1184/889 881/1179/886
f 881/1179/886 884/1184/889 885/1186/890 882/1181/887
f 882/1181/887 885/1186/890 886/1187/891 883/1182/888
f 883/1182/888 886/1187/891 794/1188/794 789/1183/789
f 790/1185/791 795/1190/796 887/1189/892 884/1184/889
f 884/1184/889 887/1189/892 888/1191/893 885/1186/890
f 885/1186/890 888/1191/893 889/1192/894 886/1187/891
f 886/1187/891 889/1192/894 799/1193/799 794/1188/794
f 795/1190/796 800/1195/801 890/1194/895 887/1189/892
f 887/1189/892 890/1194/895 891/1196/896 888/1191/893
f 888/1191/893 891/1196/896 892/1197/897 889/1192/894
f 889/1192/894 892/1197/897 804/1198/804 799/1193/799
f 800/1195/801 805/1200/806 893/1199/898 890/1194/895
f 890/1194/895 893/1199/898 894/1201/899 891/1196/896
f 891/1196/896 894/1201/899 895/1202/900 892/1197/897
f 892/1197/897 895/1202/900 809/1203/809 804/1198/804
f 805/1200/806 810/1205/811 896/1204/901 893/1199/898
f 893/1199/898 896/1204/901 897/1206/902 894/1201/899
f 894/1201/899 897/1206/902 898/1207/903 895/1202/900
f 895/1202/900 898/1207/903 814/1208/814 809/1203/809
f 810/1205/811 815/1210/816 899/1209/904 896/1204/901
f 896/1204/901 899/1209/904 900/1211/905 897/1206/902
f 897/1206/902 900/1211/905 901/1212/906 898/1207/903
f 898/1207/903 901/1212/906 819/1213/819 814/1208/814
f 815/1210/816 856/1215/821 922/1214/907 899/1209/904
f 899/1209/904 922/1214/907 921/1216/908 900/1211/905
f 900/1211/905 921/1216/908 920/1217/909 901/1212/906
f 901/1212/906 920/1217/909 852/1218/824 819/1213/819
f 820/1219/825 825/1222/828 905/1221/910 902/1220/911
f 902/1220/911 905/1221/910 906/1224/912 903/1223/913
f 903/1223/913 906/1224/912 907/1226/914 904/1225/915
f 904/1225/915 907/1226/914 829/1228/834 824/1227/833
f 825/1222/828 830/1230/836 908/1229/916 905/1221/910
f 905/1221/910 908/1229/916 909/1231/917 906/1224/912
f 906/1224/912 909/1231/917 910/1232/918 907/1226/914
f 907/1226/914 910/1232/918 834/1233/839 829/1228/834
f 830/1230/836 835/1235/841 911/1234/919 908/1229/916
f 908/1229/916 911/1234/919 912/1236/920 909/1231/917
f 909/1231/917 912/1236/920 913/1237/921 910/1232/918
f 910/1232/918 913/1237/921 839/1238/844 834/1233/839
f 835/1235/841 840/1240/846 914/1239/922 911/1234/919
f 911/1234/919 914/1239/922 915/1241/923 912/1236/920
f 912/1236/920 915/1241/923 916/1242/924 913/1237/921
f 913/1237/921 916/1242/924 844/1243/849 839/1238/844
f 840/1240/846 924/1262/851 925/1264/925 914/1239/922
f 914/1239/922 925/1264/925 926/1265/926 915/1241/923
f 915/1241/923 926/1265/926 927/1266/927 916/1242/924
f 916/1242/924 927/1266/927 928/1268/854 844/1243/849
f 857/1249/863 850/1251/855 745/1250/745
f 859/1252/867 749/1253/753 850/1251/855
f 851/1254/856 918/1256/928 917/1255/929
f 851/1254/856 919/1257/930 918/1256/928
f 920/1217/909 904/1225/915 824/1227/833 852/1218/824
f 921/1216/908 903/1223/913 904/1225/915 920/1217/909
f 922/1214/907 902/1220/911 903/1223/913 921/1216/908
f 856/1215/821 820/1219/825 902/1220/911 922/1214/907
f 851/1254/856 849/1258/860 919/1257/930
f 851/1254/856 917/1255/929 845/1259/861
f 857/1249/863 858/1260/865 850/1251/855
f 859/1252/867 850/1251/855 858/1260/865
f 924/1263/851 923/1261/850 846/1133/857 845/1130/861
f 925/1264/925 924/1262/851 845/1245/861 917/1244/929
f 926/1265/926 925/1264/925 917/1244/929 918/1246/928
f 927/1266/927 926/1265/926 918/1246/928 919/1247/930
f 928/1268/854 927/1266/927 919/1247/930 849/1248/860
f 929/1269/853 928/1267/854 849/1126/860 848/1131/859
f 930/1270/852 929/1269/853 848/1131/859 847/1132/858
f 923/1261/850 930/1270/852 847/1132/858 846/1133/857
g default
v -21.158986 -14.332437 -6.467853
v -23.177810 -14.613473 -5.067074
v -23.596038 -15.018707 -2.663392
v -22.168677 -15.310758 -0.664852
v -19.777699 -15.286872 -0.442155
v -21.593869 -10.588540 -7.403012
v -24.592379 -11.005955 -5.322470
v -25.213561 -11.607839 -1.752342
v -23.093538 -12.041616 1.216040
v -19.542278 -12.006138 1.546806
v -21.819199 -1.486100 -5.886577
v -24.803860 -1.901588 -3.815643
v -25.422174 -2.500692 -0.262003
v -23.311942 -2.932466 2.692670
v -19.777082 -2.897151 3.021909
v -21.257236 13.192235 -0.581969
v -23.922567 12.828468 1.309501
v -24.447128 12.336058 4.518467
v -22.523645 12.003465 7.165161
v -19.342411 12.062985 7.433174
v -19.004552 31.620935 9.971171
v -21.546132 31.302127 11.914336
v -21.955567 30.976437 15.089876
v -19.993019 30.834663 17.637603
v -16.878673 30.981084 17.805100
v -13.402384 53.941043 28.509692
v -15.445297 53.758511 30.342851
v -15.601107 53.789453 33.109655
v -13.778536 54.015736 35.189354
v -11.120940 54.293110 35.143530
v -6.696674 73.485105 45.825482
v -8.181235 73.448898 47.415467
v -8.134100 73.767581 49.615561
v -6.582862 74.254457 51.136961
v -4.508836 74.587697 50.919397
v -1.309545 88.384136 57.504414
v -2.423107 88.442181 58.877749
v -2.278265 88.900751 60.651293
v -0.959886 89.491220 61.786120
v 0.693270 89.820076 61.485339
v 3.276150 101.649539 66.276284
v 2.447731 101.768139 67.434256
v 2.636174 102.282439 68.840590
v 3.731100 102.891181 69.671479
v 5.032801 103.186739 69.338548
v 8.366478 118.815643 74.976155
v 7.655318 119.030430 76.145789
v 7.918404 119.705737 77.456466
v 9.001620 120.445997 78.140450
v 10.209303 120.753274 77.706439
v 12.543549 137.811547 81.445601
v 11.846275 138.193151 82.820287
v 12.231738 139.175419 84.226464
v 13.474122 140.182930 84.840396
v 14.771712 140.535134 84.210674
v 14.685499 155.298811 84.726075
v 14.028030 155.861640 86.259028
v 14.519689 157.137536 87.696959
v 15.872463 158.379066 88.197559
v 17.210138 158.744677 87.379519
v 14.819693 169.476498 85.501378
v 14.198036 170.209655 87.162451
v 14.774311 171.741982 88.611644
v 16.210902 173.175812 89.000059
v 17.574861 173.536560 88.016665
v 11.386948 190.870911 83.441063
v 10.819523 191.887555 85.287698
v 11.513842 193.817915 86.732227
v 13.063184 195.531251 86.928467
v 14.458037 195.858415 85.686950
v 3.599353 210.230962 78.317955
v 3.056192 211.507527 80.349368
v 3.850853 213.797548 81.815163
v 5.517806 215.759531 81.856682
v 6.968792 216.051006 80.381151
v -18.292924 243.916198 64.385081
v -19.130627 246.075713 67.676318
v -17.828525 249.878678 69.982097
v -15.149335 253.097311 69.951753
v -12.843369 253.527296 67.499700
v -24.331262 250.578499 60.589476
v -25.458850 253.485264 65.019534
v -23.706169 258.604095 68.123182
v -20.099916 262.936533 68.082358
v -16.995742 263.515055 64.782002
v -30.590264 256.719636 56.670374
v -32.087237 260.578650 62.551675
v -29.760383 267.374349 66.672052
v -24.972989 273.126074 66.617463
v -20.850898 273.894212 62.236805
v -37.540351 264.229741 52.304804
v -39.390979 269.000451 59.575607
v -36.514408 277.401745 64.669448
v -30.595678 284.512248 64.602431
v -25.501483 285.462107 59.185436
v -41.054687 272.637136 50.005610
v -42.673712 276.819091 56.380657
v -40.145517 284.175737 60.842455
v -34.963311 290.391182 60.784289
v -30.430333 291.239691 56.080475
v -41.119459 286.735198 49.685767
v -41.517296 287.764521 51.255617
v -40.893346 289.573628 52.353630
v -39.618657 291.098556 52.339539
v -38.505042 291.303643 51.180846
v -20.396695 -16.752707 -3.671441
v -40.198965 289.789836 50.183384
v -3.366325 235.022485 73.616981
v -4.949570 234.727245 75.300549
v -6.789070 232.517349 75.321384
v -7.683092 229.906283 73.738252
v -7.107931 228.423544 71.478518
v -18.722165 -14.340226 -6.045173
v -17.294804 -14.632278 -4.046633
v -17.713032 -15.037512 -1.642951
v -17.974519 -10.600109 -6.775216
v -15.854497 -11.033886 -3.806834
v -16.475680 -11.635770 -0.236706
v -18.216565 -1.497615 -5.261680
v -16.106332 -1.929389 -2.307007
v -16.724646 -2.528493 1.246633
v -18.012453 13.214274 -0.047949
v -16.088970 12.881676 2.598744
v -16.613530 12.389270 5.807710
v -15.819650 31.746106 10.398665
v -13.857101 31.604346 12.946395
v -14.266539 31.278661 16.121935
v -10.669075 54.230118 28.684042
v -8.846500 54.456387 30.763735
v -9.002307 54.487316 33.530544
v -4.550033 73.854929 45.776980
v -2.998796 74.341785 47.298377
v -2.951660 74.660473 49.498469
v 0.410081 88.760641 57.335760
v 1.728465 89.351137 58.470580
v 1.873289 89.809715 60.244129
v 4.636160 101.996108 66.044983
v 5.731075 102.604865 66.875873
v 5.919527 103.119163 68.282219
v 9.635318 119.187235 74.632755
v 10.718539 119.927502 75.316733
v 10.981630 120.602806 76.627430
v 13.915087 138.254128 80.907645
v 15.157483 139.261653 81.521550
v 15.542932 140.243934 82.927738
v 16.106982 155.778762 83.996110
v 17.459733 157.020327 84.496705
v 17.951404 158.296184 85.934638
v 16.275090 169.971914 84.601452
v 17.711709 171.405804 84.989870
v 18.287949 172.938121 86.439064
v 12.883727 191.363567 82.274096
v 14.433074 193.076943 82.470336
v 15.127383 195.007324 83.914855
v 5.162136 210.715577 76.910869
v 6.829111 212.677558 76.952407
v 7.623763 214.967548 78.418205
v -15.806082 244.665116 62.036397
v -13.126912 247.883809 62.006052
v -11.824797 251.686753 64.311838
v -20.983944 251.586568 57.428063
v -17.377706 255.919008 57.387222
v -15.625013 261.037859 60.490881
v -26.146393 258.057966 52.473332
v -21.358773 263.809634 52.419122
v -19.032369 270.605487 56.539471
v -32.046595 265.884266 47.116175
v -26.127879 272.994810 47.049153
v -23.251301 281.396144 52.142996
v -36.236057 274.087638 45.459450
v -31.047690 280.315560 45.408431
v -28.528807 287.661074 49.868451
v -39.932491 287.092093 48.567055
v -38.654855 288.623875 48.556126
v -38.035165 290.426654 49.653186
v -2.666970 233.758780 71.428228
v -3.560993 231.147694 69.845099
v -5.400497 228.937789 69.865923
v -43.789489 284.212406 53.132299
v -42.699753 281.393526 48.833418
v -39.449472 282.370940 45.769648
v -35.950711 286.566051 45.739248
v -34.253545 291.504708 48.743834
v -35.539805 293.907530 52.927828
v -38.590164 293.344706 56.100689
v -42.081196 289.167158 56.139370
vt 0.013070 0.005073
vt 0.973144 0.783473
vt 0.259157 0.014298
vt 0.013070 0.014298
vt 0.962491 0.809249
vt 0.489341 0.014298
vt 0.973198 0.834988
vt 0.703945 0.014298
vt 0.998913 0.843509
vt 0.910467 0.014298
vt 0.259157 0.038267
vt 0.013070 0.038267
vt 0.489341 0.038267
vt 0.703945 0.038267
vt 0.910467 0.038267
vt 0.259157 0.079951
vt 0.013070 0.079951
vt 0.489341 0.079951
vt 0.703945 0.079951
vt 0.910467 0.079951
vt 0.259157 0.137149
vt 0.013070 0.137149
vt 0.489341 0.137149
vt 0.703945 0.137149
vt 0.910467 0.137149
vt 0.259157 0.211085
vt 0.013070 0.211085
vt 0.489341 0.211085
vt 0.703945 0.211085
vt 0.910467 0.211085
vt 0.259157 0.273976
vt 0.013070 0.273976
vt 0.489341 0.273976
vt 0.703945 0.273976
vt 0.910467 0.273976
vt 0.259157 0.318821
vt 0.013070 0.318821
vt 0.489341 0.318821
vt 0.703945 0.318821
vt 0.910467 0.318821
vt 0.259157 0.356664
vt 0.013070 0.356664
vt 0.489341 0.356664
vt 0.703945 0.356664
vt 0.910467 0.356664
vt 0.259157 0.404442
vt 0.013070 0.404442
vt 0.489341 0.404442
vt 0.703945 0.404442
vt 0.910467 0.404442
vt 0.259157 0.457368
vt 0.013070 0.457368
vt 0.489341 0.457368
vt 0.703945 0.457368
vt 0.910467 0.457368
vt 0.259157 0.507609
vt 0.013070 0.507609
vt 0.489341 0.507609
vt 0.703945 0.507609
vt 0.910467 0.507609
vt 0.259157 0.550919
vt 0.013070 0.550919
vt 0.489341 0.550919
vt 0.703945 0.550919
vt 0.910467 0.550919
vt 0.259157 0.623464
vt 0.013070 0.623464
vt 0.489341 0.623464
vt 0.703945 0.623464
vt 0.910467 0.623464
vt 0.259157 0.698354
vt 0.013070 0.698354
vt 0.489341 0.698354
vt 0.703945 0.698354
vt 0.910467 0.698354
vt 0.259157 0.772735
vt 0.013070 0.772735
vt 0.489341 0.772735
vt 0.703945 0.772735
vt 0.910467 0.772735
vt 0.013070 0.839837
vt 0.259157 0.839837
vt 0.259157 0.872838
vt 0.013070 0.872838
vt 0.489341 0.839837
vt 0.489341 0.872838
vt 0.703945 0.839837
vt 0.703945 0.872838
vt 0.910467 0.839837
vt 0.910467 0.872838
vt 0.259157 0.905805
vt 0.013070 0.905805
vt 0.489341 0.905805
vt 0.703945 0.905805
vt 0.910467 0.905805
vt 0.259157 0.935946
vt 0.013070 0.935946
vt 0.489341 0.935946
vt 0.703945 0.935946
vt 0.910467 0.935946
vt 0.259157 0.959945
vt 0.013070 0.959945
vt 0.489341 0.959945
vt 0.703945 0.959945
vt 0.910467 0.959945
vt 0.944424 0.972221
vt 0.997205 0.994117
vt 0.922653 0.919412
vt 0.944662 0.866755
vt 0.910467 0.986043
vt 0.998914 0.809209
vt 0.997205 0.919583
vt 0.997205 0.848902
vt 0.013070 0.986043
vt 0.703945 0.986043
vt 0.489341 0.986043
vt 0.259157 0.986043
vt 0.910467 0.005073
vt 0.998914 0.772791
vt 0.703945 0.005073
vt 0.489341 0.005073
vt 0.259157 0.005073
vt 0.013070 0.005073
vt 0.259157 0.005073
vt 0.259157 0.014298
vt 0.013070 0.014298
vt 0.489341 0.005073
vt 0.489341 0.014298
vt 0.703945 0.005073
vt 0.703945 0.014298
vt 0.910467 0.005073
vt 0.910467 0.014298
vt 0.259157 0.038267
vt 0.013070 0.038267
vt 0.489341 0.038267
vt 0.703945 0.038267
vt 0.910467 0.038267
vt 0.259157 0.079951
vt 0.013070 0.079951
vt 0.489341 0.079951
vt 0.703945 0.079951
vt 0.910467 0.079951
vt 0.259157 0.137149
vt 0.013070 0.137149
vt 0.489341 0.137149
vt 0.703945 0.137149
vt 0.910467 0.137149
vt 0.259157 0.211085
vt 0.013070 0.211085
vt 0.489341 0.211085
vt 0.703945 0.211085
vt 0.910467 0.211085
vt 0.259157 0.273976
vt 0.013070 0.273976
vt 0.489341 0.273976
vt 0.703945 0.273976
vt 0.910467 0.273976
vt 0.259157 0.318821
vt 0.013070 0.318821
vt 0.489341 0.318821
vt 0.703945 0.318821
vt 0.910467 0.318821
vt 0.259157 0.356664
vt 0.013070 0.356664
vt 0.489341 0.356664
vt 0.703945 0.356664
vt 0.910467 0.356664
vt 0.259157 0.404442
vt 0.013070 0.404442
vt 0.489341 0.404442
vt 0.703945 0.404442
vt 0.910467 0.404442
vt 0.259157 0.457368
vt 0.013070 0.457368
vt 0.489341 0.457368
vt 0.703945 0.457368
vt 0.910467 0.457368
vt 0.259157 0.507609
vt 0.013070 0.507609
vt 0.489341 0.507609
vt 0.703945 0.507609
vt 0.910467 0.507609
vt 0.259157 0.550919
vt 0.013070 0.550919
vt 0.489341 0.550919
vt 0.703945 0.550919
vt 0.910467 0.550919
vt 0.259157 0.623464
vt 0.013070 0.623464
vt 0.489341 0.623464
vt 0.703945 0.623464
vt 0.910467 0.623464
vt 0.259157 0.698354
vt 0.013070 0.698354
vt 0.489341 0.698354
vt 0.703945 0.698354
vt 0.910467 0.698354
vt 0.259157 0.772735
vt 0.013070 0.772735
vt 0.489341 0.772735
vt 0.703945 0.772735
vt 0.910467 0.772735
vt 0.013070 0.839837
vt 0.259157 0.839837
vt 0.259157 0.872838
vt 0.013070 0.872838
vt 0.489341 0.839837
vt 0.489341 0.872838
vt 0.703945 0.839837
vt 0.703945 0.872838
vt 0.910467 0.839837
vt 0.910467 0.872838
vt 0.259157 0.905805
vt 0.013070 0.905805
vt 0.489341 0.905805
vt 0.703945 0.905805
vt 0.910467 0.905805
vt 0.259157 0.935946
vt 0.013070 0.935946
vt 0.489341 0.935946
vt 0.703945 0.935946
vt 0.910467 0.935946
vt 0.259157 0.959945
vt 0.013070 0.959945
vt 0.489341 0.959945
vt 0.703945 0.959945
vt 0.910467 0.959945
vt 0.259157 0.986043
vt 0.013070 0.986043
vt 0.489341 0.986043
vt 0.703945 0.986043
vt 0.910467 0.986043
vt 0.973144 0.783473
vt 0.998914 0.772791
vt 0.998914 0.809209
vt 0.973198 0.834988
vt 0.998913 0.843509
vt 0.997205 0.919583
vt 0.944424 0.972221
vt 0.922653 0.919412
vt 0.944662 0.866755
vt 0.997205 0.848902
vt 0.997205 0.994117
vt 0.962491 0.809249
vt 0.259157 0.972994
vt 0.013070 0.972994
vt 0.013070 0.972994
vt 0.259157 0.972994
vt 0.489341 0.972994
vt 0.703945 0.972994
vt 0.910467 0.972994
vt 0.910467 0.972994
vt 0.703945 0.972994
vt 0.489341 0.972994
vn -0.175786 -0.381708 -0.907413
vn -0.709753 -0.456041 -0.536915
vn -0.839144 -0.030567 -0.543050
vn -0.217352 0.055992 -0.974486
vn -0.820371 -0.563223 0.098845
vn -0.967957 -0.155377 0.197277
vn -0.418433 -0.639396 0.645047
vn -0.501145 -0.246546 0.829499
vn 0.203582 -0.626475 0.752385
vn 0.222183 -0.243530 0.944102
vn -0.836958 0.165440 -0.521662
vn -0.227822 0.266992 -0.936383
vn -0.979798 -0.020202 0.198967
vn -0.518248 -0.192440 0.833298
vn 0.222375 -0.232506 0.946832
vn -0.822536 0.303141 -0.481186
vn -0.238701 0.427112 -0.872123
vn -0.977776 0.012195 0.209297
vn -0.497252 -0.307234 0.811386
vn 0.233537 -0.407635 0.882776
vn -0.794182 0.444630 -0.414221
vn -0.260996 0.580645 -0.771189
vn -0.968033 0.046969 0.246387
vn -0.425989 -0.435708 0.792901
vn 0.259639 -0.568686 0.780502
vn -0.781371 0.522772 -0.340836
vn -0.291339 0.665309 -0.687376
vn -0.939273 0.028723 0.341966
vn -0.285832 -0.525645 0.801248
vn 0.305873 -0.631116 0.712836
vn -0.781354 0.543703 -0.306386
vn -0.345609 0.676427 -0.650386
vn -0.901118 -0.007244 0.433513
vn -0.143643 -0.559321 0.816411
vn 0.367211 -0.630218 0.684092
vn -0.798376 0.518171 -0.306749
vn -0.412138 0.633590 -0.654756
vn -0.876707 -0.007160 0.480972
vn -0.052856 -0.529427 0.846707
vn 0.432896 -0.585146 0.685715
vn -0.829934 0.458124 -0.318326
vn -0.484620 0.558468 -0.673243
vn -0.871488 0.004403 0.490397
vn 0.005373 -0.468713 0.883334
vn 0.501988 -0.515256 0.694636
vn -0.891548 0.350974 -0.286287
vn -0.563555 0.450731 -0.692277
vn -0.816696 -0.049355 0.574954
vn 0.090624 -0.389479 0.916566
vn 0.579099 -0.417360 0.700325
vn -0.953215 0.218689 -0.208701
vn -0.646033 0.312259 -0.696517
vn -0.738661 -0.075182 0.669871
vn 0.161111 -0.269004 0.949568
vn 0.660029 -0.280220 0.697021
vn -0.992065 0.082538 -0.094835
vn -0.718858 0.152827 -0.678150
vn -0.667165 -0.066047 0.741976
vn 0.206257 -0.129509 0.969889
vn 0.729204 -0.122208 0.673295
vn -0.995040 -0.091836 0.038238
vn -0.781915 -0.078477 -0.618426
vn -0.647103 -0.049520 0.760793
vn 0.182040 0.057821 0.981590
vn 0.794750 0.106207 0.597572
vn -0.944744 -0.220944 0.242161
vn -0.805076 -0.297289 -0.513294
vn -0.551788 -0.022858 0.833671
vn 0.201262 0.224720 0.953412
vn 0.810360 0.315833 0.493524
vn -0.870557 -0.313299 0.379439
vn -0.779756 -0.498306 -0.379040
vn -0.518603 -0.000758 0.855015
vn 0.169023 0.357699 0.918413
vn 0.788580 0.488131 0.373992
vn -0.816408 -0.366106 0.446592
vn -0.739858 -0.604900 -0.294459
vn -0.489503 -0.014810 0.871876
vn 0.168468 0.376997 0.910764
vn 0.784063 0.524698 0.331568
vn -0.703196 -0.670288 -0.237130
vn -0.764460 -0.397285 0.507706
vn -0.714268 -0.454986 0.531799
vn -0.642269 -0.740561 -0.197637
vn -0.425317 -0.036222 0.904319
vn -0.383554 -0.092622 0.918862
vn 0.220695 0.337294 0.915165
vn 0.253626 0.271687 0.928364
vn 0.800393 0.480921 0.357890
vn 0.826973 0.416655 0.377511
vn -0.717595 -0.456433 0.526048
vn -0.641555 -0.740121 -0.201564
vn -0.388698 -0.093043 0.916655
vn 0.248389 0.275413 0.928682
vn 0.826440 0.419773 0.375217
vn -0.813754 -0.358816 0.457225
vn -0.734786 -0.618336 -0.278836
vn -0.486727 0.009430 0.873504
vn 0.154926 0.418414 0.894945
vn 0.764346 0.559303 0.320867
vn -0.940925 -0.176494 0.288981
vn -0.841085 -0.369452 -0.395072
vn -0.673532 0.173547 0.718496
vn -0.065458 0.639293 0.766172
vn 0.590780 0.789782 0.164997
vn -0.992441 0.030040 0.118990
vn -0.878868 -0.134047 -0.457845
vn -0.804779 0.355215 0.475555
vn -0.310974 0.812725 0.492721
vn 0.280459 0.958316 -0.054526
vn 0.024651 -0.986279 -0.163238
vn -0.651068 0.558468 -0.514027
vn -0.865637 0.386381 -0.318406
vn -0.821950 0.532693 -0.201586
vn -0.650202 0.717049 -0.251155
vn -0.423668 0.784781 -0.452353
vn -0.784511 0.317567 -0.532630
vn 0.533181 0.053593 -0.844302
vn 0.468738 -0.383769 -0.795617
vn 0.972804 -0.036358 -0.228758
vn 0.846267 -0.461015 -0.267015
vn 0.826591 -0.165121 0.538036
vn 0.720871 -0.569527 0.394948
vn 0.510448 0.233059 -0.827723
vn 0.968515 0.074770 -0.237463
vn 0.836916 -0.127730 0.532219
vn 0.478717 0.347293 -0.806361
vn 0.963895 0.063597 -0.258576
vn 0.829782 -0.273624 0.486408
vn 0.412277 0.474966 -0.777454
vn 0.955233 0.051478 -0.291341
vn 0.799309 -0.424915 0.424915
vn 0.352844 0.549164 -0.757575
vn 0.956934 0.004549 -0.290268
vn 0.758736 -0.510911 0.404092
vn 0.254810 0.573578 -0.778511
vn 0.947726 -0.038749 -0.316722
vn 0.748330 -0.533781 0.393802
vn 0.137972 0.554393 -0.820739
vn 0.918995 -0.022852 -0.393607
vn 0.781115 -0.497824 0.376870
vn 0.016565 0.497759 -0.867157
vn 0.857610 0.013301 -0.514128
vn 0.834505 -0.433686 0.339878
vn -0.056672 0.392384 -0.918054
vn 0.820979 -0.013144 -0.570807
vn 0.884346 -0.352650 0.305892
vn -0.105560 0.260974 -0.959557
vn 0.787524 -0.023270 -0.615845
vn 0.940549 -0.234439 0.245775
vn -0.128459 0.121789 -0.984208
vn 0.749516 -0.014789 -0.661821
vn 0.982554 -0.100262 0.156637
vn -0.172168 -0.067328 -0.982764
vn 0.636118 -0.015354 -0.771439
vn 0.995804 0.073056 -0.055111
vn -0.120451 -0.221476 -0.967698
vn 0.620399 -0.013421 -0.784172
vn 0.960869 0.208263 -0.182642
vn -0.097178 -0.356790 -0.929116
vn 0.562818 -0.018284 -0.826379
vn 0.894166 0.305734 -0.327099
vn -0.069897 -0.439041 -0.895744
vn 0.553276 -0.044848 -0.831790
vn 0.873075 0.314471 -0.372624
vn 0.043563 -0.561149 -0.826568
vn -0.008846 -0.491627 -0.870761
vn 0.640992 -0.128704 -0.756680
vn 0.605571 -0.069482 -0.792752
vn 0.927884 0.226386 -0.296277
vn 0.901752 0.288141 -0.322209
vn 0.038709 -0.562625 -0.825806
vn 0.636554 -0.130883 -0.760045
vn 0.926062 0.226736 -0.301663
vn -0.066382 -0.447435 -0.891849
vn 0.549128 -0.032704 -0.835098
vn 0.860533 0.343423 -0.376223
vn -0.248439 -0.224295 -0.942321
vn 0.340690 0.128139 -0.931403
vn 0.669913 0.515741 -0.534067
vn -0.376143 -0.011217 -0.926494
vn 0.117310 0.296734 -0.947727
vn 0.380824 0.669058 -0.638228
vn -0.415161 0.498077 -0.761289
vn -0.594103 0.364618 -0.717005
vn -0.349104 0.664110 -0.661123
s 1
g pCylinder5
usemtl initialShadingGroup
f 931/1271/931 932/1392/932 937/1273/933 936/1274/934
f 932/1392/932 933/1391/935 938/1276/936 937/1273/933
f 933/1391/935 934/1390/937 939/1278/938 938/1276/936
f 934/1390/937 935/1388/939 940/1280/940 939/1278/938
f 936/1274/934 937/1273/933 942/1281/941 941/1282/942
f 937/1273/933 938/1276/936 943/1283/943 942/1281/941
f 938/1276/936 939/1278/938 944/1284/944 943/1283/943
f 939/1278/938 940/1280/940 945/1285/945 944/1284/944
f 941/1282/942 942/1281/941 947/1286/946 946/1287/947
f 942/1281/941 943/1283/943 948/1288/948 947/1286/946
f 943/1283/943 944/1284/944 949/1289/949 948/1288/948
f 944/1284/944 945/1285/945 950/1290/950 949/1289/949
f 946/1287/947 947/1286/946 952/1291/951 951/1292/952
f 947/1286/946 948/1288/948 953/1293/953 952/1291/951
f 948/1288/948 949/1289/949 954/1294/954 953/1293/953
f 949/1289/949 950/1290/950 955/1295/955 954/1294/954
f 951/1292/952 952/1291/951 957/1296/956 956/1297/957
f 952/1291/951 953/1293/953 958/1298/958 957/1296/956
f 953/1293/953 954/1294/954 959/1299/959 958/1298/958
f 954/1294/954 955/1295/955 960/1300/960 959/1299/959
f 956/1297/957 957/1296/956 962/1301/961 961/1302/962
f 957/1296/956 958/1298/958 963/1303/963 962/1301/961
f 958/1298/958 959/1299/959 964/1304/964 963/1303/963
f 959/1299/959 960/1300/960 965/1305/965 964/1304/964
f 961/1302/962 962/1301/961 967/1306/966 966/1307/967
f 962/1301/961 963/1303/963 968/1308/968 967/1306/966
f 963/1303/963 964/1304/964 969/1309/969 968/1308/968
f 964/1304/964 965/1305/965 970/1310/970 969/1309/969
f 966/1307/967 967/1306/966 972/1311/971 971/1312/972
f 967/1306/966 968/1308/968 973/1313/973 972/1311/971
f 968/1308/968 969/1309/969 974/1314/974 973/1313/973
f 969/1309/969 970/1310/970 975/1315/975 974/1314/974
f 971/1312/972 972/1311/971 977/1316/976 976/1317/977
f 972/1311/971 973/1313/973 978/1318/978 977/1316/976
f 973/1313/973 974/1314/974 979/1319/979 978/1318/978
f 974/1314/974 975/1315/975 980/1320/980 979/1319/979
f 976/1317/977 977/1316/976 982/1321/981 981/1322/982
f 977/1316/976 978/1318/978 983/1323/983 982/1321/981
f 978/1318/978 979/1319/979 984/1324/984 983/1323/983
f 979/1319/979 980/1320/980 985/1325/985 984/1324/984
f 981/1322/982 982/1321/981 987/1326/986 986/1327/987
f 982/1321/981 983/1323/983 988/1328/988 987/1326/986
f 983/1323/983 984/1324/984 989/1329/989 988/1328/988
f 984/1324/984 985/1325/985 990/1330/990 989/1329/989
f 986/1327/987 987/1326/986 992/1331/991 991/1332/992
f 987/1326/986 988/1328/988 993/1333/993 992/1331/991
f 988/1328/988 989/1329/989 994/1334/994 993/1333/993
f 989/1329/989 990/1330/990 995/1335/995 994/1334/994
f 991/1332/992 992/1331/991 997/1336/996 996/1337/997
f 992/1331/991 993/1333/993 998/1338/998 997/1336/996
f 993/1333/993 994/1334/994 999/1339/999 998/1338/998
f 994/1334/994 995/1335/995 1000/1340/1000 999/1339/999
f 996/1337/997 997/1336/996 1002/1341/1001 1001/1342/1002
f 997/1336/996 998/1338/998 1003/1343/1003 1002/1341/1001
f 998/1338/998 999/1339/999 1004/1344/1004 1003/1343/1003
f 999/1339/999 1000/1340/1000 1005/1345/1005 1004/1344/1004
f 1001/1342/1002 1002/1341/1001 1041/1346/1006 1042/1347/1007
f 1002/1341/1001 1003/1343/1003 1040/1348/1008 1041/1346/1006
f 1003/1343/1003 1004/1344/1004 1039/1349/1009 1040/1348/1008
f 1004/1344/1004 1005/1345/1005 1038/1350/1010 1039/1349/1009
f 1006/1351/1011 1007/1352/1012 1012/1353/1013 1011/1354/1014
f 1007/1352/1012 1008/1355/1015 1013/1356/1016 1012/1353/1013
f 1008/1355/1015 1009/1357/1017 1014/1358/1018 1013/1356/1016
f 1009/1357/1017 1010/1359/1019 1015/1360/1020 1014/1358/1018
f 1011/1354/1014 1012/1353/1013 1017/1361/1021 1016/1362/1022
f 1012/1353/1013 1013/1356/1016 1018/1363/1023 1017/1361/1021
f 1013/1356/1016 1014/1358/1018 1019/1364/1024 1018/1363/1023
f 1014/1358/1018 1015/1360/1020 1020/1365/1025 1019/1364/1024
f 1016/1362/1022 1017/1361/1021 1022/1366/1026 1021/1367/1027
f 1017/1361/1021 1018/1363/1023 1023/1368/1028 1022/1366/1026
f 1018/1363/1023 1019/1364/1024 1024/1369/1029 1023/1368/1028
f 1019/1364/1024 1020/1365/1025 1025/1370/1030 1024/1369/1029
f 1021/1367/1027 1022/1366/1026 1027/1371/1031 1026/1372/1032
f 1022/1366/1026 1023/1368/1028 1028/1373/1033 1027/1371/1031
f 1023/1368/1028 1024/1369/1029 1029/1374/1034 1028/1373/1033
f 1024/1369/1029 1025/1370/1030 1030/1375/1035 1029/1374/1034
f 1026/1372/1032 1027/1371/1031 1109/1515/1036 1110/1517/1037
f 1027/1371/1031 1028/1373/1033 1116/1524/1038 1109/1515/1036
f 1028/1373/1033 1029/1374/1034 1115/1523/1039 1116/1524/1038
f 1029/1374/1034 1030/1375/1035 1114/1521/1040 1115/1523/1039
f 932/1272/932 931/1389/931 1036/1381/1041
f 934/1277/937 1036/1381/1041 935/1279/939
f 1037/1382/1042 1032/1376/1043 1033/1378/1044
f 1037/1382/1042 1033/1378/1044 1034/1379/1045
f 1039/1349/1009 1038/1350/1010 1010/1359/1019 1009/1357/1017
f 1040/1348/1008 1039/1349/1009 1009/1357/1017 1008/1355/1015
f 1041/1346/1006 1040/1348/1008 1008/1355/1015 1007/1352/1012
f 1042/1347/1007 1041/1346/1006 1007/1352/1012 1006/1351/1011
f 1037/1382/1042 1034/1379/1045 1035/1383/1046
f 1037/1382/1042 1031/1377/1047 1032/1376/1043
f 932/1272/932 1036/1381/1041 933/1275/935
f 934/1277/937 933/1275/935 1036/1381/1041
f 931/1393/931 936/1396/934 1046/1395/1048 1043/1394/1049
f 1043/1394/1049 1046/1395/1048 1047/1398/1050 1044/1397/1051
f 1044/1397/1051 1047/1398/1050 1048/1400/1052 1045/1399/1053
f 1045/1399/1053 1048/1400/1052 940/1402/940 935/1401/939
f 936/1396/934 941/1404/942 1049/1403/1054 1046/1395/1048
f 1046/1395/1048 1049/1403/1054 1050/1405/1055 1047/1398/1050
f 1047/1398/1050 1050/1405/1055 1051/1406/1056 1048/1400/1052
f 1048/1400/1052 1051/1406/1056 945/1407/945 940/1402/940
f 941/1404/942 946/1409/947 1052/1408/1057 1049/1403/1054
f 1049/1403/1054 1052/1408/1057 1053/1410/1058 1050/1405/1055
f 1050/1405/1055 1053/1410/1058 1054/1411/1059 1051/1406/1056
f 1051/1406/1056 1054/1411/1059 950/1412/950 945/1407/945
f 946/1409/947 951/1414/952 1055/1413/1060 1052/1408/1057
f 1052/1408/1057 1055/1413/1060 1056/1415/1061 1053/1410/1058
f 1053/1410/1058 1056/1415/1061 1057/1416/1062 1054/1411/1059
f 1054/1411/1059 1057/1416/1062 955/1417/955 950/1412/950
f 951/1414/952 956/1419/957 1058/1418/1063 1055/1413/1060
f 1055/1413/1060 1058/1418/1063 1059/1420/1064 1056/1415/1061
f 1056/1415/1061 1059/1420/1064 1060/1421/1065 1057/1416/1062
f 1057/1416/1062 1060/1421/1065 960/1422/960 955/1417/955
f 956/1419/957 961/1424/962 1061/1423/1066 1058/1418/1063
f 1058/1418/1063 1061/1423/1066 1062/1425/1067 1059/1420/1064
f 1059/1420/1064 1062/1425/1067 1063/1426/1068 1060/1421/1065
f 1060/1421/1065 1063/1426/1068 965/1427/965 960/1422/960
f 961/1424/962 966/1429/967 1064/1428/1069 1061/1423/1066
f 1061/1423/1066 1064/1428/1069 1065/1430/1070 1062/1425/1067
f 1062/1425/1067 1065/1430/1070 1066/1431/1071 1063/1426/1068
f 1063/1426/1068 1066/1431/1071 970/1432/970 965/1427/965
f 966/1429/967 971/1434/972 1067/1433/1072 1064/1428/1069
f 1064/1428/1069 1067/1433/1072 1068/1435/1073 1065/1430/1070
f 1065/1430/1070 1068/1435/1073 1069/1436/1074 1066/1431/1071
f 1066/1431/1071 1069/1436/1074 975/1437/975 970/1432/970
f 971/1434/972 976/1439/977 1070/1438/1075 1067/1433/1072
f 1067/1433/1072 1070/1438/1075 1071/1440/1076 1068/1435/1073
f 1068/1435/1073 1071/1440/1076 1072/1441/1077 1069/1436/1074
f 1069/1436/1074 1072/1441/1077 980/1442/980 975/1437/975
f 976/1439/977 981/1444/982 1073/1443/1078 1070/1438/1075
f 1070/1438/1075 1073/1443/1078 1074/1445/1079 1071/1440/1076
f 1071/1440/1076 1074/1445/1079 1075/1446/1080 1072/1441/1077
f 1072/1441/1077 1075/1446/1080 985/1447/985 980/1442/980
f 981/1444/982 986/1449/987 1076/1448/1081 1073/1443/1078
f 1073/1443/1078 1076/1448/1081 1077/1450/1082 1074/1445/1079
f 1074/1445/1079 1077/1450/1082 1078/1451/1083 1075/1446/1080
f 1075/1446/1080 1078/1451/1083 990/1452/990 985/1447/985
f 986/1449/987 991/1454/992 1079/1453/1084 1076/1448/1081
f 1076/1448/1081 1079/1453/1084 1080/1455/1085 1077/1450/1082
f 1077/1450/1082 1080/1455/1085 1081/1456/1086 1078/1451/1083
f 1078/1451/1083 1081/1456/1086 995/1457/995 990/1452/990
f 991/1454/992 996/1459/997 1082/1458/1087 1079/1453/1084
f 1079/1453/1084 1082/1458/1087 1083/1460/1088 1080/1455/1085
f 1080/1455/1085 1083/1460/1088 1084/1461/1089 1081/1456/1086
f 1081/1456/1086 1084/1461/1089 1000/1462/1000 995/1457/995
f 996/1459/997 1001/1464/1002 1085/1463/1090 1082/1458/1087
f 1082/1458/1087 1085/1463/1090 1086/1465/1091 1083/1460/1088
f 1083/1460/1088 1086/1465/1091 1087/1466/1092 1084/1461/1089
f 1084/1461/1089 1087/1466/1092 1005/1467/1005 1000/1462/1000
f 1001/1464/1002 1042/1469/1007 1108/1468/1093 1085/1463/1090
f 1085/1463/1090 1108/1468/1093 1107/1470/1094 1086/1465/1091
f 1086/1465/1091 1107/1470/1094 1106/1471/1095 1087/1466/1092
f 1087/1466/1092 1106/1471/1095 1038/1472/1010 1005/1467/1005
f 1006/1473/1011 1011/1476/1014 1091/1475/1096 1088/1474/1097
f 1088/1474/1097 1091/1475/1096 1092/1478/1098 1089/1477/1099
f 1089/1477/1099 1092/1478/1098 1093/1480/1100 1090/1479/1101
f 1090/1479/1101 1093/1480/1100 1015/1482/1020 1010/1481/1019
f 1011/1476/1014 1016/1484/1022 1094/1483/1102 1091/1475/1096
f 1091/1475/1096 1094/1483/1102 1095/1485/1103 1092/1478/1098
f 1092/1478/1098 1095/1485/1103 1096/1486/1104 1093/1480/1100
f 1093/1480/1100 1096/1486/1104 1020/1487/1025 1015/1482/1020
f 1016/1484/1022 1021/1489/1027 1097/1488/1105 1094/1483/1102
f 1094/1483/1102 1097/1488/1105 1098/1490/1106 1095/1485/1103
f 1095/1485/1103 1098/1490/1106 1099/1491/1107 1096/1486/1104
f 1096/1486/1104 1099/1491/1107 1025/1492/1030 1020/1487/1025
f 1021/1489/1027 1026/1494/1032 1100/1493/1108 1097/1488/1105
f 1097/1488/1105 1100/1493/1108 1101/1495/1109 1098/1490/1106
f 1098/1490/1106 1101/1495/1109 1102/1496/1110 1099/1491/1107
f 1099/1491/1107 1102/1496/1110 1030/1497/1035 1025/1492/1030
f 1026/1494/1032 1110/1516/1037 1111/1518/1111 1100/1493/1108
f 1100/1493/1108 1111/1518/1111 1112/1519/1112 1101/1495/1109
f 1101/1495/1109 1112/1519/1112 1113/1520/1113 1102/1496/1110
f 1102/1496/1110 1113/1520/1113 1114/1522/1040 1030/1497/1035
f 1043/1503/1049 1036/1505/1041 931/1504/931
f 1045/1506/1053 935/1507/939 1036/1505/1041
f 1037/1508/1042 1104/1510/1114 1103/1509/1115
f 1037/1508/1042 1105/1511/1116 1104/1510/1114
f 1106/1471/1095 1090/1479/1101 1010/1481/1019 1038/1472/1010
f 1107/1470/1094 1089/1477/1099 1090/1479/1101 1106/1471/1095
f 1108/1468/1093 1088/1474/1097 1089/1477/1099 1107/1470/1094
f 1042/1469/1007 1006/1473/1011 1088/1474/1097 1108/1468/1093
f 1037/1508/1042 1035/1512/1046 1105/1511/1116
f 1037/1508/1042 1103/1509/1115 1031/1513/1047
f 1043/1503/1049 1044/1514/1051 1036/1505/1041
f 1045/1506/1053 1036/1505/1041 1044/1514/1051
f 1110/1517/1037 1109/1515/1036 1032/1387/1043 1031/1384/1047
f 1111/1518/1111 1110/1516/1037 1031/1499/1047 1103/1498/1115
f 1112/1519/1112 1111/1518/1111 1103/1498/1115 1104/1500/1114
f 1113/1520/1113 1112/1519/1112 1104/1500/1114 1105/1501/1116
f 1114/1522/1040 1113/1520/1113 1105/1501/1116 1035/1502/1046
f 1115/1523/1039 1114/1521/1040 1035/1380/1046 1034/1385/1045
f 1116/1524/1038 1115/1523/1039 1034/1385/1045 1033/1386/1044
f 1109/1515/1036 1116/1524/1038 1033/1386/1044 1032/1387/1043
g default
v -113.208116 -5.879273 -9.811183
v -115.493073 -5.879273 -8.864722
v -116.439534 -5.879273 -6.579766
v -115.493073 -5.879273 -4.294809
v -113.208116 -5.879273 -3.555950
v -113.208116 -2.333842 -11.379308
v -116.601907 -2.333842 -9.973555
v -118.007659 -2.333842 -6.579766
v -116.601906 -2.333842 -3.185976
v -113.208116 -2.333842 -2.088568
v -113.208116 6.877993 -11.357143
v -116.586232 6.877993 -9.957882
v -117.985494 6.877993 -6.579766
v -116.586232 6.877993 -3.201649
v -113.208116 6.877993 -2.109309
v -113.208116 22.898242 -10.876324
v -116.246244 22.898242 -9.617893
v -117.504675 22.898242 -6.579766
v -116.246244 22.898242 -3.541638
v -113.208116 22.898242 -2.559236
v -113.158697 44.848532 -10.805018
v -116.128973 44.847806 -9.575231
v -117.359687 44.847059 -6.605339
v -116.129900 44.846742 -3.635062
v -113.159967 44.847079 -2.674198
v -111.330892 71.991094 -11.050940
v -113.876268 71.965932 -10.015383
v -114.943821 71.940245 -7.483264
v -113.908189 71.929087 -4.937859
v -111.374585 71.940675 -4.100896
v -108.111915 93.747302 -11.622481
v -110.128352 93.690603 -10.829792
v -110.993323 93.632455 -8.843314
v -110.200139 93.606914 -6.826695
v -108.210177 93.632769 -6.143099
v -105.207980 108.655422 -12.117591
v -106.846996 108.580624 -11.495115
v -107.565041 108.503582 -9.895722
v -106.941497 108.469397 -8.256315
v -105.337330 108.503161 -7.684369
v -102.550078 120.939424 -12.470363
v -103.870732 120.856844 -11.985985
v -104.460916 120.771355 -10.709216
v -103.974907 120.733027 -9.387965
v -102.692671 120.769975 -8.914228
v -99.117433 136.213909 -13.198609
v -100.389795 136.104897 -12.754900
v -100.973630 135.991361 -11.540684
v -100.526933 135.939780 -10.267229
v -99.305145 135.987855 -9.793520
v -95.505926 153.007101 -13.906353
v -96.945848 152.845628 -13.434453
v -97.626186 152.676174 -12.081068
v -97.148403 152.597960 -10.638998
v -95.783183 152.668074 -10.079976
v -92.560437 168.986199 -14.063003
v -94.130836 168.771755 -13.579330
v -94.892449 168.545063 -12.124394
v -94.399137 168.438910 -10.550476
v -92.927687 168.530609 -9.917151
v -90.571586 182.920158 -13.811754
v -92.256410 182.657304 -13.319724
v -93.090201 182.377854 -11.776931
v -92.584529 182.245497 -10.087119
v -91.020705 182.356457 -9.387010
v -88.660818 206.870182 -12.637678
v -90.527799 206.528386 -12.134636
v -91.477304 206.161964 -10.453318
v -90.953125 205.985627 -8.578619
v -89.243001 206.127280 -7.770250
v -88.714510 232.785631 -10.703691
v -90.777514 232.370472 -10.179605
v -91.845543 231.923002 -8.342891
v -91.292955 231.705305 -6.269475
v -89.420038 231.875154 -5.351562
v -93.011209 285.762376 -7.607607
v -96.362750 285.067035 -6.774031
v -98.108308 284.316152 -3.801948
v -97.225357 283.949513 -0.432366
v -94.191928 284.232681 1.072772
v -94.048126 298.521610 -8.030419
v -98.559387 297.585706 -6.908403
v -100.908945 296.574956 -2.907910
v -99.720472 296.081468 1.627629
v -95.637373 296.462092 3.653661
v -95.019359 311.258453 -8.874809
v -101.008455 310.015961 -7.385234
v -104.127707 308.674135 -2.074223
v -102.549716 308.019521 3.946968
v -97.129226 308.523215 6.637458
v -96.191432 325.843288 -9.445450
v -103.595488 324.307184 -7.603955
v -107.451684 322.648307 -1.038185
v -105.501110 321.838342 6.405723
v -98.799819 322.463999 9.730794
v -97.408573 336.164259 -7.285416
v -103.898508 334.813671 -5.669066
v -107.271592 333.351563 0.086123
v -105.562608 332.635612 6.598295
v -99.692197 333.095770 9.565960
v -99.319869 345.265881 0.160500
v -100.917498 344.932155 0.558775
v -101.746498 344.569946 1.975494
v -101.325704 344.391255 3.575234
v -99.880564 344.504871 4.302340
v -113.208116 -7.828924 -6.579766
v -99.713188 345.922097 2.386928
v -91.474181 259.063309 -2.538715
v -93.556906 258.868902 -3.572127
v -94.163134 259.120601 -5.885653
v -92.964650 259.636153 -7.926258
v -90.663511 260.113560 -8.498584
v -110.923159 -5.879273 -8.864722
v -109.976699 -5.879273 -6.579766
v -110.923159 -5.879273 -4.294809
v -109.814326 -2.333842 -9.973555
v -108.408574 -2.333842 -6.579766
v -109.814327 -2.333842 -3.185976
v -109.830000 6.877993 -9.957882
v -108.430739 6.877993 -6.579766
v -109.830000 6.877993 -3.201649
v -110.169989 22.898242 -9.617893
v -108.911558 22.898242 -6.579766
v -110.169989 22.898242 -3.541638
v -110.188804 44.848824 -9.574303
v -108.959019 44.848513 -6.604027
v -110.189733 44.847761 -3.634134
v -108.798738 72.001014 -9.983312
v -107.763105 71.989858 -7.437908
v -108.830658 71.964166 -4.905788
v -106.125214 93.769366 -10.757032
v -105.332031 93.743848 -8.740415
v -106.197002 93.685702 -6.753936
v -103.608108 108.684142 -11.398513
v -102.984563 108.649962 -9.759107
v -103.702608 108.572905 -8.159714
v -101.272576 120.970741 -11.878602
v -100.786566 120.932442 -10.557352
v -101.376750 120.846954 -9.280582
v -97.901875 136.254502 -12.611889
v -97.455179 136.202907 -11.338436
v -98.039014 136.089360 -10.124218
v -94.149903 153.065966 -13.220339
v -93.672123 152.987752 -11.778267
v -94.352461 152.818263 -10.424883
v -91.101177 169.062767 -13.292083
v -90.607865 168.956643 -11.718164
v -91.369479 168.729931 -10.263228
v -89.022668 183.012431 -12.964794
v -88.516996 182.880054 -11.274982
v -89.350786 182.600595 -9.732186
v -86.970013 206.987190 -11.667770
v -86.445837 206.810842 -9.793068
v -87.395342 206.444440 -8.111750
v -86.865009 232.925306 -9.608150
v -86.312420 232.707590 -7.534733
v -87.380450 232.260080 -5.698018
v -90.016967 285.994790 -5.814382
v -89.134016 285.628150 -2.444799
v -90.879574 284.877228 0.527284
v -90.017807 298.834409 -5.616694
v -88.829332 298.340921 -1.081155
v -91.178895 297.330190 2.919340
v -89.668752 311.673751 -5.670374
v -88.090943 311.018563 0.350953
v -91.210424 309.677271 5.661763
v -89.576709 326.356674 -5.483950
v -87.626136 325.546709 1.959955
v -91.482333 323.887852 8.525728
v -91.610471 336.610097 -3.810796
v -89.905925 335.890347 2.712261
v -93.280603 334.431207 8.455654
v -97.892462 345.374393 1.016239
v -97.473715 345.194555 2.621645
v -98.303155 344.833097 4.032323
v -89.199945 259.505853 -2.913242
v -88.001461 260.021395 -4.953848
v -88.607689 260.273173 -7.267372
v -103.006561 343.163381 -2.623028
v -98.631409 344.076755 -3.713606
v -94.722446 344.374561 -1.370251
v -93.575453 343.882794 3.026314
v -95.847270 342.893505 6.890418
v -100.167311 341.994332 7.630835
v -104.124876 341.683412 5.638634
v -105.277194 342.172113 1.256704
vt 0.013070 0.005073
vt 0.973144 0.783473
vt 0.259157 0.014298
vt 0.013070 0.014298
vt 0.962491 0.809249
vt 0.489341 0.014298
vt 0.973198 0.834988
vt 0.703945 0.014298
vt 0.998913 0.843509
vt 0.910467 0.014298
vt 0.259157 0.038267
vt 0.013070 0.038267
vt 0.489341 0.038267
vt 0.703945 0.038267
vt 0.910467 0.038267
vt 0.259157 0.079951
vt 0.013070 0.079951
vt 0.489341 0.079951
vt 0.703945 0.079951
vt 0.910467 0.079951
vt 0.259157 0.137149
vt 0.013070 0.137149
vt 0.489341 0.137149
vt 0.703945 0.137149
vt 0.910467 0.137149
vt 0.259157 0.211085
vt 0.013070 0.211085
vt 0.489341 0.211085
vt 0.703945 0.211085
vt 0.910467 0.211085
vt 0.259157 0.273976
vt 0.013070 0.273976
vt 0.489341 0.273976
vt 0.703945 0.273976
vt 0.910467 0.273976
vt 0.259157 0.318821
vt 0.013070 0.318821
vt 0.489341 0.318821
vt 0.703945 0.318821
vt 0.910467 0.318821
vt 0.259157 0.356664
vt 0.013070 0.356664
vt 0.489341 0.356664
vt 0.703945 0.356664
vt 0.910467 0.356664
vt 0.259157 0.404442
vt 0.013070 0.404442
vt 0.489341 0.404442
vt 0.703945 0.404442
vt 0.910467 0.404442
vt 0.259157 0.457368
vt 0.013070 0.457368
vt 0.489341 0.457368
vt 0.703945 0.457368
vt 0.910467 0.457368
vt 0.259157 0.507609
vt 0.013070 0.507609
vt 0.489341 0.507609
vt 0.703945 0.507609
vt 0.910467 0.507609
vt 0.259157 0.550919
vt 0.013070 0.550919
vt 0.489341 0.550919
vt 0.703945 0.550919
vt 0.910467 0.550919
vt 0.259157 0.623464
vt 0.013070 0.623464
vt 0.489341 0.623464
vt 0.703945 0.623464
vt 0.910467 0.623464
vt 0.259157 0.698354
vt 0.013070 0.698354
vt 0.489341 0.698354
vt 0.703945 0.698354
vt 0.910467 0.698354
vt 0.259157 0.772735
vt 0.013070 0.772735
vt 0.489341 0.772735
vt 0.703945 0.772735
vt 0.910467 0.772735
vt 0.013070 0.839837
vt 0.259157 0.839837
vt 0.259157 0.872838
vt 0.013070 0.872838
vt 0.489341 0.839837
vt 0.489341 0.872838
vt 0.703945 0.839837
vt 0.703945 0.872838
vt 0.910467 0.839837
vt 0.910467 0.872838
vt 0.259157 0.905805
vt 0.013070 0.905805
vt 0.489341 0.905805
vt 0.703945 0.905805
vt 0.910467 0.905805
vt 0.259157 0.935946
vt 0.013070 0.935946
vt 0.489341 0.935946
vt 0.703945 0.935946
vt 0.910467 0.935946
vt 0.259157 0.959945
vt 0.013070 0.959945
vt 0.489341 0.959945
vt 0.703945 0.959945
vt 0.910467 0.959945
vt 0.944424 0.972221
vt 0.997205 0.994117
vt 0.922653 0.919412
vt 0.944662 0.866755
vt 0.910467 0.986043
vt 0.998914 0.809209
vt 0.997205 0.919583
vt 0.997205 0.848902
vt 0.013070 0.986043
vt 0.703945 0.986043
vt 0.489341 0.986043
vt 0.259157 0.986043
vt 0.910467 0.005073
vt 0.998914 0.772791
vt 0.703945 0.005073
vt 0.489341 0.005073
vt 0.259157 0.005073
vt 0.013070 0.005073
vt 0.259157 0.005073
vt 0.259157 0.014298
vt 0.013070 0.014298
vt 0.489341 0.005073
vt 0.489341 0.014298
vt 0.703945 0.005073
vt 0.703945 0.014298
vt 0.910467 0.005073
vt 0.910467 0.014298
vt 0.259157 0.038267
vt 0.013070 0.038267
vt 0.489341 0.038267
vt 0.703945 0.038267
vt 0.910467 0.038267
vt 0.259157 0.079951
vt 0.013070 0.079951
vt 0.489341 0.079951
vt 0.703945 0.079951
vt 0.910467 0.079951
vt 0.259157 0.137149
vt 0.013070 0.137149
vt 0.489341 0.137149
vt 0.703945 0.137149
vt 0.910467 0.137149
vt 0.259157 0.211085
vt 0.013070 0.211085
vt 0.489341 0.211085
vt 0.703945 0.211085
vt 0.910467 0.211085
vt 0.259157 0.273976
vt 0.013070 0.273976
vt 0.489341 0.273976
vt 0.703945 0.273976
vt 0.910467 0.273976
vt 0.259157 0.318821
vt 0.013070 0.318821
vt 0.489341 0.318821
vt 0.703945 0.318821
vt 0.910467 0.318821
vt 0.259157 0.356664
vt 0.013070 0.356664
vt 0.489341 0.356664
vt 0.703945 0.356664
vt 0.910467 0.356664
vt 0.259157 0.404442
vt 0.013070 0.404442
vt 0.489341 0.404442
vt 0.703945 0.404442
vt 0.910467 0.404442
vt 0.259157 0.457368
vt 0.013070 0.457368
vt 0.489341 0.457368
vt 0.703945 0.457368
vt 0.910467 0.457368
vt 0.259157 0.507609
vt 0.013070 0.507609
vt 0.489341 0.507609
vt 0.703945 0.507609
vt 0.910467 0.507609
vt 0.259157 0.550919
vt 0.013070 0.550919
vt 0.489341 0.550919
vt 0.703945 0.550919
vt 0.910467 0.550919
vt 0.259157 0.623464
vt 0.013070 0.623464
vt 0.489341 0.623464
vt 0.703945 0.623464
vt 0.910467 0.623464
vt 0.259157 0.698354
vt 0.013070 0.698354
vt 0.489341 0.698354
vt 0.703945 0.698354
vt 0.910467 0.698354
vt 0.259157 0.772735
vt 0.013070 0.772735
vt 0.489341 0.772735
vt 0.703945 0.772735
vt 0.910467 0.772735
vt 0.013070 0.839837
vt 0.259157 0.839837
vt 0.259157 0.872838
vt 0.013070 0.872838
vt 0.489341 0.839837
vt 0.489341 0.872838
vt 0.703945 0.839837
vt 0.703945 0.872838
vt 0.910467 0.839837
vt 0.910467 0.872838
vt 0.259157 0.905805
vt 0.013070 0.905805
vt 0.489341 0.905805
vt 0.703945 0.905805
vt 0.910467 0.905805
vt 0.259157 0.935946
vt 0.013070 0.935946
vt 0.489341 0.935946
vt 0.703945 0.935946
vt 0.910467 0.935946
vt 0.259157 0.959945
vt 0.013070 0.959945
vt 0.489341 0.959945
vt 0.703945 0.959945
vt 0.910467 0.959945
vt 0.259157 0.986043
vt 0.013070 0.986043
vt 0.489341 0.986043
vt 0.703945 0.986043
vt 0.910467 0.986043
vt 0.973144 0.783473
vt 0.998914 0.772791
vt 0.998914 0.809209
vt 0.973198 0.834988
vt 0.998913 0.843509
vt 0.997205 0.919583
vt 0.944424 0.972221
vt 0.922653 0.919412
vt 0.944662 0.866755
vt 0.997205 0.848902
vt 0.997205 0.994117
vt 0.962491 0.809249
vt 0.259157 0.972994
vt 0.013070 0.972994
vt 0.013070 0.972994
vt 0.259157 0.972994
vt 0.489341 0.972994
vt 0.703945 0.972994
vt 0.910467 0.972994
vt 0.910467 0.972994
vt 0.703945 0.972994
vt 0.489341 0.972994
vn 0.000000 -0.519884 -0.854237
vn -0.604038 -0.519883 -0.604037
vn -0.703748 -0.097364 -0.703747
vn 0.000000 -0.097364 -0.995249
vn -0.854238 -0.519883 -0.000000
vn -0.995249 -0.097364 0.000000
vn -0.583954 -0.516579 0.626214
vn -0.680883 -0.096538 0.726002
vn 0.000000 -0.501962 0.864890
vn -0.000000 -0.093040 0.995662
vn -0.706972 0.019531 -0.706972
vn -0.000000 0.019531 -0.999809
vn -0.999809 0.019531 0.000000
vn -0.683272 0.019516 0.729903
vn -0.000000 0.018289 0.999833
vn -0.707214 0.016093 -0.706816
vn -0.000262 0.015024 -0.999887
vn -0.999857 0.016908 0.000113
vn -0.683204 0.016975 0.730030
vn -0.000282 0.015281 0.999883
vn -0.711927 0.027901 -0.701699
vn -0.006713 -0.002826 -0.999973
vn -0.998747 0.049974 0.002566
vn -0.686315 0.051089 0.725508
vn -0.008312 0.030829 0.999490
vn -0.703912 0.066619 -0.707156
vn 0.002769 -0.015329 -0.999879
vn -0.992328 0.123559 -0.004364
vn -0.684207 0.124705 0.718547
vn -0.009910 0.070641 0.997453
vn -0.687318 0.101917 -0.719171
vn 0.024645 -0.031896 -0.999187
vn -0.981010 0.193218 -0.016932
vn -0.679930 0.191046 0.707952
vn -0.010882 0.099581 0.994970
vn -0.678267 0.124610 -0.724173
vn 0.038492 -0.038568 -0.998514
vn -0.972750 0.230529 -0.024767
vn -0.683523 0.221600 0.695478
vn -0.023758 0.107065 0.993968
vn -0.679039 0.127080 -0.723019
vn 0.041656 -0.047642 -0.997995
vn -0.972108 0.232741 -0.028932
vn -0.697862 0.215503 0.683042
vn -0.048378 0.089252 0.994834
vn -0.669675 0.111152 -0.734289
vn 0.059607 -0.057809 -0.996547
vn -0.977261 0.207859 -0.041900
vn -0.713811 0.180598 0.676653
vn -0.063945 0.050128 0.996694
vn -0.655336 0.105559 -0.747925
vn 0.082033 -0.042090 -0.995740
vn -0.981552 0.182111 -0.058239
vn -0.728113 0.143399 0.670290
vn -0.076292 0.017458 0.996933
vn -0.641613 0.102509 -0.760148
vn 0.101714 -0.013630 -0.994720
vn -0.985651 0.151372 -0.074691
vn -0.740718 0.102082 0.664015
vn -0.086941 -0.010697 0.996156
vn -0.640871 0.088749 -0.762501
vn 0.101705 0.026850 -0.994452
vn -0.991528 0.093943 -0.089700
vn -0.761350 0.035923 0.647345
vn -0.115324 -0.047158 0.992208
vn -0.617368 0.065925 -0.783907
vn 0.128049 0.056915 -0.990133
vn -0.992707 0.032341 -0.116130
vn -0.766123 -0.030215 0.641984
vn -0.114479 -0.079219 0.990262
vn -0.604898 0.033595 -0.795594
vn 0.137176 0.081688 -0.987173
vn -0.989854 -0.039487 -0.136494
vn -0.769981 -0.098432 0.630428
vn -0.122907 -0.103952 0.986959
vn -0.595966 -0.015733 -0.802855
vn 0.140435 0.065643 -0.987911
vn -0.982617 -0.108706 -0.150490
vn -0.768647 -0.160081 0.619319
vn -0.126615 -0.134957 0.982728
vn 0.149461 0.018667 -0.988591
vn -0.580572 -0.069973 -0.811197
vn -0.571768 -0.129427 -0.810142
vn 0.153242 -0.040239 -0.987369
vn -0.971930 -0.167663 -0.165051
vn -0.958965 -0.228051 -0.168461
vn -0.762847 -0.216989 0.609082
vn -0.750870 -0.278121 0.599036
vn -0.119107 -0.180152 0.976401
vn -0.112740 -0.237430 0.964840
vn -0.573316 -0.126972 -0.809436
vn 0.152076 -0.036901 -0.987680
vn -0.959438 -0.226801 -0.167449
vn -0.751085 -0.277812 0.598910
vn -0.113336 -0.237616 0.964725
vn -0.594157 -0.010775 -0.804277
vn 0.139512 0.080995 -0.986902
vn -0.981722 -0.110791 -0.154752
vn -0.771936 -0.161866 0.614747
vn -0.128547 -0.128434 0.983352
vn -0.618134 0.201549 -0.759795
vn 0.104224 0.294707 -0.949887
vn -0.987275 0.104614 -0.119765
vn -0.779577 0.057358 0.623674
vn -0.157556 0.077783 0.984442
vn -0.603869 0.433615 -0.668820
vn 0.060989 0.528636 -0.846655
vn -0.938346 0.336368 -0.079764
vn -0.744533 0.287858 0.602336
vn -0.178012 0.305118 0.935529
vn 0.000000 -0.999999 -0.001310
vn -0.159177 0.976256 0.146924
vn -0.413264 0.883930 -0.218816
vn -0.569140 0.819519 0.066850
vn -0.467507 0.788709 0.399219
vn -0.201019 0.790829 0.578084
vn -0.090880 0.947697 -0.305960
vn 0.703747 -0.097364 -0.703747
vn 0.604037 -0.519883 -0.604037
vn 0.995249 -0.097364 -0.000000
vn 0.854238 -0.519883 -0.000001
vn 0.680883 -0.096538 0.726002
vn 0.583954 -0.516579 0.626214
vn 0.706972 0.019531 -0.706972
vn 0.999809 0.019531 0.000000
vn 0.683272 0.019516 0.729904
vn 0.706988 0.014328 -0.707081
vn 0.999896 0.014414 0.000191
vn 0.682813 0.015271 0.730434
vn 0.705796 -0.024046 -0.708007
vn 0.999736 -0.022339 0.005291
vn 0.675228 0.002511 0.737604
vn 0.708196 -0.073342 -0.702196
vn 0.997459 -0.070953 0.006422
vn 0.676037 -0.005902 0.736844
vn 0.713750 -0.126154 -0.688946
vn 0.991865 -0.127064 0.007668
vn 0.679735 -0.027680 0.732936
vn 0.719160 -0.155793 -0.677153
vn 0.986448 -0.163285 0.016088
vn 0.672156 -0.049178 0.738774
vn 0.722288 -0.178735 -0.668097
vn 0.980341 -0.195017 0.030002
vn 0.652604 -0.079210 0.753547
vn 0.730954 -0.189400 -0.655618
vn 0.975640 -0.215830 0.039299
vn 0.642549 -0.115484 0.757492
vn 0.746290 -0.165499 -0.644718
vn 0.977964 -0.202618 0.050317
vn 0.636079 -0.128415 0.760863
vn 0.762553 -0.122759 -0.635172
vn 0.983513 -0.169250 0.063691
vn 0.629974 -0.125331 0.766437
vn 0.775446 -0.054655 -0.629044
vn 0.989493 -0.111324 0.092248
vn 0.602878 -0.110198 0.790186
vn 0.790417 0.010687 -0.612476
vn 0.992837 -0.048977 0.108981
vn 0.603154 -0.089641 0.792571
vn 0.796949 0.076423 -0.599193
vn 0.991040 0.019439 0.132142
vn 0.589728 -0.059084 0.805438
vn 0.798337 0.088037 -0.595741
vn 0.989181 0.037711 0.141770
vn 0.581634 -0.059429 0.811276
vn 0.799551 -0.010799 -0.600501
vn 0.799065 0.048167 -0.599313
vn 0.990247 -0.057936 0.126706
vn 0.991265 0.001618 0.131877
vn 0.590100 -0.159219 0.791474
vn 0.589937 -0.098717 0.801392
vn 0.799635 -0.007580 -0.600439
vn 0.990218 -0.055906 0.127838
vn 0.589240 -0.158526 0.792254
vn 0.796070 0.111633 -0.594820
vn 0.987682 0.062707 0.143362
vn 0.582471 -0.041596 0.811787
vn 0.759520 0.327466 -0.562046
vn 0.944777 0.278114 0.173345
vn 0.536453 0.174321 0.825730
vn 0.667792 0.562143 -0.487903
vn 0.837727 0.511161 0.192168
vn 0.458765 0.403889 0.791460
vn 0.292038 0.934121 0.205261
vn 0.207914 0.969682 -0.128406
vn 0.101290 0.861978 0.496724
s 1
g pCylinder8
usemtl initialShadingGroup
f 1117/1525/1117 1118/1646/1118 1123/1527/1119 1122/1528/1120
f 1118/1646/1118 1119/1645/1121 1124/1530/1122 1123/1527/1119
f 1119/1645/1121 1120/1644/1123 1125/1532/1124 1124/1530/1122
f 1120/1644/1123 1121/1642/1125 1126/1534/1126 1125/1532/1124
f 1122/1528/1120 1123/1527/1119 1128/1535/1127 1127/1536/1128
f 1123/1527/1119 1124/1530/1122 1129/1537/1129 1128/1535/1127
f 1124/1530/1122 1125/1532/1124 1130/1538/1130 1129/1537/1129
f 1125/1532/1124 1126/1534/1126 1131/1539/1131 1130/1538/1130
f 1127/1536/1128 1128/1535/1127 1133/1540/1132 1132/1541/1133
f 1128/1535/1127 1129/1537/1129 1134/1542/1134 1133/1540/1132
f 1129/1537/1129 1130/1538/1130 1135/1543/1135 1134/1542/1134
f 1130/1538/1130 1131/1539/1131 1136/1544/1136 1135/1543/1135
f 1132/1541/1133 1133/1540/1132 1138/1545/1137 1137/1546/1138
f 1133/1540/1132 1134/1542/1134 1139/1547/1139 1138/1545/1137
f 1134/1542/1134 1135/1543/1135 1140/1548/1140 1139/1547/1139
f 1135/1543/1135 1136/1544/1136 1141/1549/1141 1140/1548/1140
f 1137/1546/1138 1138/1545/1137 1143/1550/1142 1142/1551/1143
f 1138/1545/1137 1139/1547/1139 1144/1552/1144 1143/1550/1142
f 1139/1547/1139 1140/1548/1140 1145/1553/1145 1144/1552/1144
f 1140/1548/1140 1141/1549/1141 1146/1554/1146 1145/1553/1145
f 1142/1551/1143 1143/1550/1142 1148/1555/1147 1147/1556/1148
f 1143/1550/1142 1144/1552/1144 1149/1557/1149 1148/1555/1147
f 1144/1552/1144 1145/1553/1145 1150/1558/1150 1149/1557/1149
f 1145/1553/1145 1146/1554/1146 1151/1559/1151 1150/1558/1150
f 1147/1556/1148 1148/1555/1147 1153/1560/1152 1152/1561/1153
f 1148/1555/1147 1149/1557/1149 1154/1562/1154 1153/1560/1152
f 1149/1557/1149 1150/1558/1150 1155/1563/1155 1154/1562/1154
f 1150/1558/1150 1151/1559/1151 1156/1564/1156 1155/1563/1155
f 1152/1561/1153 1153/1560/1152 1158/1565/1157 1157/1566/1158
f 1153/1560/1152 1154/1562/1154 1159/1567/1159 1158/1565/1157
f 1154/1562/1154 1155/1563/1155 1160/1568/1160 1159/1567/1159
f 1155/1563/1155 1156/1564/1156 1161/1569/1161 1160/1568/1160
f 1157/1566/1158 1158/1565/1157 1163/1570/1162 1162/1571/1163
f 1158/1565/1157 1159/1567/1159 1164/1572/1164 1163/1570/1162
f 1159/1567/1159 1160/1568/1160 1165/1573/1165 1164/1572/1164
f 1160/1568/1160 1161/1569/1161 1166/1574/1166 1165/1573/1165
f 1162/1571/1163 1163/1570/1162 1168/1575/1167 1167/1576/1168
f 1163/1570/1162 1164/1572/1164 1169/1577/1169 1168/1575/1167
f 1164/1572/1164 1165/1573/1165 1170/1578/1170 1169/1577/1169
f 1165/1573/1165 1166/1574/1166 1171/1579/1171 1170/1578/1170
f 1167/1576/1168 1168/1575/1167 1173/1580/1172 1172/1581/1173
f 1168/1575/1167 1169/1577/1169 1174/1582/1174 1173/1580/1172
f 1169/1577/1169 1170/1578/1170 1175/1583/1175 1174/1582/1174
f 1170/1578/1170 1171/1579/1171 1176/1584/1176 1175/1583/1175
f 1172/1581/1173 1173/1580/1172 1178/1585/1177 1177/1586/1178
f 1173/1580/1172 1174/1582/1174 1179/1587/1179 1178/1585/1177
f 1174/1582/1174 1175/1583/1175 1180/1588/1180 1179/1587/1179
f 1175/1583/1175 1176/1584/1176 1181/1589/1181 1180/1588/1180
f 1177/1586/1178 1178/1585/1177 1183/1590/1182 1182/1591/1183
f 1178/1585/1177 1179/1587/1179 1184/1592/1184 1183/1590/1182
f 1179/1587/1179 1180/1588/1180 1185/1593/1185 1184/1592/1184
f 1180/1588/1180 1181/1589/1181 1186/1594/1186 1185/1593/1185
f 1182/1591/1183 1183/1590/1182 1188/1595/1187 1187/1596/1188
f 1183/1590/1182 1184/1592/1184 1189/1597/1189 1188/1595/1187
f 1184/1592/1184 1185/1593/1185 1190/1598/1190 1189/1597/1189
f 1185/1593/1185 1186/1594/1186 1191/1599/1191 1190/1598/1190
f 1187/1596/1188 1188/1595/1187 1227/1600/1192 1228/1601/1193
f 1188/1595/1187 1189/1597/1189 1226/1602/1194 1227/1600/1192
f 1189/1597/1189 1190/1598/1190 1225/1603/1195 1226/1602/1194
f 1190/1598/1190 1191/1599/1191 1224/1604/1196 1225/1603/1195
f 1192/1605/1197 1193/1606/1198 1198/1607/1199 1197/1608/1200
f 1193/1606/1198 1194/1609/1201 1199/1610/1202 1198/1607/1199
f 1194/1609/1201 1195/1611/1203 1200/1612/1204 1199/1610/1202
f 1195/1611/1203 1196/1613/1205 1201/1614/1206 1200/1612/1204
f 1197/1608/1200 1198/1607/1199 1203/1615/1207 1202/1616/1208
f 1198/1607/1199 1199/1610/1202 1204/1617/1209 1203/1615/1207
f 1199/1610/1202 1200/1612/1204 1205/1618/1210 1204/1617/1209
f 1200/1612/1204 1201/1614/1206 1206/1619/1211 1205/1618/1210
f 1202/1616/1208 1203/1615/1207 1208/1620/1212 1207/1621/1213
f 1203/1615/1207 1204/1617/1209 1209/1622/1214 1208/1620/1212
f 1204/1617/1209 1205/1618/1210 1210/1623/1215 1209/1622/1214
f 1205/1618/1210 1206/1619/1211 1211/1624/1216 1210/1623/1215
f 1207/1621/1213 1208/1620/1212 1213/1625/1217 1212/1626/1218
f 1208/1620/1212 1209/1622/1214 1214/1627/1219 1213/1625/1217
f 1209/1622/1214 1210/1623/1215 1215/1628/1220 1214/1627/1219
f 1210/1623/1215 1211/1624/1216 1216/1629/1221 1215/1628/1220
f 1212/1626/1218 1213/1625/1217 1295/1769/1222 1296/1771/1223
f 1213/1625/1217 1214/1627/1219 1302/1778/1224 1295/1769/1222
f 1214/1627/1219 1215/1628/1220 1301/1777/1225 1302/1778/1224
f 1215/1628/1220 1216/1629/1221 1300/1775/1226 1301/1777/1225
f 1118/1526/1118 1117/1643/1117 1222/1635/1227
f 1120/1531/1123 1222/1635/1227 1121/1533/1125
f 1223/1636/1228 1218/1630/1229 1219/1632/1230
f 1223/1636/1228 1219/1632/1230 1220/1633/1231
f 1225/1603/1195 1224/1604/1196 1196/1613/1205 1195/1611/1203
f 1226/1602/1194 1225/1603/1195 1195/1611/1203 1194/1609/1201
f 1227/1600/1192 1226/1602/1194 1194/1609/1201 1193/1606/1198
f 1228/1601/1193 1227/1600/1192 1193/1606/1198 1192/1605/1197
f 1223/1636/1228 1220/1633/1231 1221/1637/1232
f 1223/1636/1228 1217/1631/1233 1218/1630/1229
f 1118/1526/1118 1222/1635/1227 1119/1529/1121
f 1120/1531/1123 1119/1529/1121 1222/1635/1227
f 1117/1647/1117 1122/1650/1120 1232/1649/1234 1229/1648/1235
f 1229/1648/1235 1232/1649/1234 1233/1652/1236 1230/1651/1237
f 1230/1651/1237 1233/1652/1236 1234/1654/1238 1231/1653/1239
f 1231/1653/1239 1234/1654/1238 1126/1656/1126 1121/1655/1125
f 1122/1650/1120 1127/1658/1128 1235/1657/1240 1232/1649/1234
f 1232/1649/1234 1235/1657/1240 1236/1659/1241 1233/1652/1236
f 1233/1652/1236 1236/1659/1241 1237/1660/1242 1234/1654/1238
f 1234/1654/1238 1237/1660/1242 1131/1661/1131 1126/1656/1126
f 1127/1658/1128 1132/1663/1133 1238/1662/1243 1235/1657/1240
f 1235/1657/1240 1238/1662/1243 1239/1664/1244 1236/1659/1241
f 1236/1659/1241 1239/1664/1244 1240/1665/1245 1237/1660/1242
f 1237/1660/1242 1240/1665/1245 1136/1666/1136 1131/1661/1131
f 1132/1663/1133 1137/1668/1138 1241/1667/1246 1238/1662/1243
f 1238/1662/1243 1241/1667/1246 1242/1669/1247 1239/1664/1244
f 1239/1664/1244 1242/1669/1247 1243/1670/1248 1240/1665/1245
f 1240/1665/1245 1243/1670/1248 1141/1671/1141 1136/1666/1136
f 1137/1668/1138 1142/1673/1143 1244/1672/1249 1241/1667/1246
f 1241/1667/1246 1244/1672/1249 1245/1674/1250 1242/1669/1247
f 1242/1669/1247 1245/1674/1250 1246/1675/1251 1243/1670/1248
f 1243/1670/1248 1246/1675/1251 1146/1676/1146 1141/1671/1141
f 1142/1673/1143 1147/1678/1148 1247/1677/1252 1244/1672/1249
f 1244/1672/1249 1247/1677/1252 1248/1679/1253 1245/1674/1250
f 1245/1674/1250 1248/1679/1253 1249/1680/1254 1246/1675/1251
f 1246/1675/1251 1249/1680/1254 1151/1681/1151 1146/1676/1146
f 1147/1678/1148 1152/1683/1153 1250/1682/1255 1247/1677/1252
f 1247/1677/1252 1250/1682/1255 1251/1684/1256 1248/1679/1253
f 1248/1679/1253 1251/1684/1256 1252/1685/1257 1249/1680/1254
f 1249/1680/1254 1252/1685/1257 1156/1686/1156 1151/1681/1151
f 1152/1683/1153 1157/1688/1158 1253/1687/1258 1250/1682/1255
f 1250/1682/1255 1253/1687/1258 1254/1689/1259 1251/1684/1256
f 1251/1684/1256 1254/1689/1259 1255/1690/1260 1252/1685/1257
f 1252/1685/1257 1255/1690/1260 1161/1691/1161 1156/1686/1156
f 1157/1688/1158 1162/1693/1163 1256/1692/1261 1253/1687/1258
f 1253/1687/1258 1256/1692/1261 1257/1694/1262 1254/1689/1259
f 1254/1689/1259 1257/1694/1262 1258/1695/1263 1255/1690/1260
f 1255/1690/1260 1258/1695/1263 1166/1696/1166 1161/1691/1161
f 1162/1693/1163 1167/1698/1168 1259/1697/1264 1256/1692/1261
f 1256/1692/1261 1259/1697/1264 1260/1699/1265 1257/1694/1262
f 1257/1694/1262 1260/1699/1265 1261/1700/1266 1258/1695/1263
f 1258/1695/1263 1261/1700/1266 1171/1701/1171 1166/1696/1166
f 1167/1698/1168 1172/1703/1173 1262/1702/1267 1259/1697/1264
f 1259/1697/1264 1262/1702/1267 1263/1704/1268 1260/1699/1265
f 1260/1699/1265 1263/1704/1268 1264/1705/1269 1261/1700/1266
f 1261/1700/1266 1264/1705/1269 1176/1706/1176 1171/1701/1171
f 1172/1703/1173 1177/1708/1178 1265/1707/1270 1262/1702/1267
f 1262/1702/1267 1265/1707/1270 1266/1709/1271 1263/1704/1268
f 1263/1704/1268 1266/1709/1271 1267/1710/1272 1264/1705/1269
f 1264/1705/1269 1267/1710/1272 1181/1711/1181 1176/1706/1176
f 1177/1708/1178 1182/1713/1183 1268/1712/1273 1265/1707/1270
f 1265/1707/1270 1268/1712/1273 1269/1714/1274 1266/1709/1271
f 1266/1709/1271 1269/1714/1274 1270/1715/1275 1267/1710/1272
f 1267/1710/1272 1270/1715/1275 1186/1716/1186 1181/1711/1181
f 1182/1713/1183 1187/1718/1188 1271/1717/1276 1268/1712/1273
f 1268/1712/1273 1271/1717/1276 1272/1719/1277 1269/1714/1274
f 1269/1714/1274 1272/1719/1277 1273/1720/1278 1270/1715/1275
f 1270/1715/1275 1273/1720/1278 1191/1721/1191 1186/1716/1186
f 1187/1718/1188 1228/1723/1193 1294/1722/1279 1271/1717/1276
f 1271/1717/1276 1294/1722/1279 1293/1724/1280 1272/1719/1277
f 1272/1719/1277 1293/1724/1280 1292/1725/1281 1273/1720/1278
f 1273/1720/1278 1292/1725/1281 1224/1726/1196 1191/1721/1191
f 1192/1727/1197 1197/1730/1200 1277/1729/1282 1274/1728/1283
f 1274/1728/1283 1277/1729/1282 1278/1732/1284 1275/1731/1285
f 1275/1731/1285 1278/1732/1284 1279/1734/1286 1276/1733/1287
f 1276/1733/1287 1279/1734/1286 1201/1736/1206 1196/1735/1205
f 1197/1730/1200 1202/1738/1208 1280/1737/1288 1277/1729/1282
f 1277/1729/1282 1280/1737/1288 1281/1739/1289 1278/1732/1284
f 1278/1732/1284 1281/1739/1289 1282/1740/1290 1279/1734/1286
f 1279/1734/1286 1282/1740/1290 1206/1741/1211 1201/1736/1206
f 1202/1738/1208 1207/1743/1213 1283/1742/1291 1280/1737/1288
f 1280/1737/1288 1283/1742/1291 1284/1744/1292 1281/1739/1289
f 1281/1739/1289 1284/1744/1292 1285/1745/1293 1282/1740/1290
f 1282/1740/1290 1285/1745/1293 1211/1746/1216 1206/1741/1211
f 1207/1743/1213 1212/1748/1218 1286/1747/1294 1283/1742/1291
f 1283/1742/1291 1286/1747/1294 1287/1749/1295 1284/1744/1292
f 1284/1744/1292 1287/1749/1295 1288/1750/1296 1285/1745/1293
f 1285/1745/1293 1288/1750/1296 1216/1751/1221 1211/1746/1216
f 1212/1748/1218 1296/1770/1223 1297/1772/1297 1286/1747/1294
f 1286/1747/1294 1297/1772/1297 1298/1773/1298 1287/1749/1295
f 1287/1749/1295 1298/1773/1298 1299/1774/1299 1288/1750/1296
f 1288/1750/1296 1299/1774/1299 1300/1776/1226 1216/1751/1221
f 1229/1757/1235 1222/1759/1227 1117/1758/1117
f 1231/1760/1239 1121/1761/1125 1222/1759/1227
f 1223/1762/1228 1290/1764/1300 1289/1763/1301
f 1223/1762/1228 1291/1765/1302 1290/1764/1300
f 1292/1725/1281 1276/1733/1287 1196/1735/1205 1224/1726/1196
f 1293/1724/1280 1275/1731/1285 1276/1733/1287 1292/1725/1281
f 1294/1722/1279 1274/1728/1283 1275/1731/1285 1293/1724/1280
f 1228/1723/1193 1192/1727/1197 1274/1728/1283 1294/1722/1279
f 1223/1762/1228 1221/1766/1232 1291/1765/1302
f 1223/1762/1228 1289/1763/1301 1217/1767/1233
f 1229/1757/1235 1230/1768/1237 1222/1759/1227
f 1231/1760/1239 1222/1759/1227 1230/1768/1237
f 1296/1771/1223 1295/1769/1222 1218/1641/1229 1217/1638/1233
f 1297/1772/1297 1296/1770/1223 1217/1753/1233 1289/1752/1301
f 1298/1773/1298 1297/1772/1297 1289/1752/1301 1290/1754/1300
f 1299/1774/1299 1298/1773/1298 1290/1754/1300 1291/1755/1302
f 1300/1776/1226 1299/1774/1299 1291/1755/1302 1221/1756/1232
f 1301/1777/1225 1300/1775/1226 1221/1634/1232 1220/1639/1231
f 1302/1778/1224 1301/1777/1225 1220/1639/1231 1219/1640/1230
f 1295/1769/1222 1302/1778/1224 1219/1640/1230 1218/1641/1229
g default
v -145.947601 -14.332437 -6.467853
v -147.966425 -14.613473 -5.067074
v -148.384653 -15.018707 -2.663392
v -146.957292 -15.310758 -0.664852
v -144.566314 -15.286872 -0.442155
v -146.382484 -10.588540 -7.403012
v -149.380994 -11.005955 -5.322470
v -150.002176 -11.607839 -1.752342
v -147.882153 -12.041616 1.216040
v -144.330893 -12.006138 1.546806
v -146.607813 -1.486100 -5.886577
v -149.592475 -1.901588 -3.815643
v -150.210789 -2.500692 -0.262003
v -148.100556 -2.932466 2.692670
v -144.565697 -2.897151 3.021909
v -146.045851 13.192235 -0.581969
v -148.711182 12.828468 1.309501
v -149.235743 12.336058 4.518467
v -147.312260 12.003465 7.165161
v -144.131026 12.062985 7.433174
v -143.793167 31.620935 9.971171
v -146.334747 31.302127 11.914336
v -146.744182 30.976437 15.089876
v -144.781634 30.834663 17.637603
v -141.667288 30.981084 17.805100
v -138.190999 53.941043 28.509692
v -140.233912 53.758511 30.342851
v -140.389722 53.789453 33.109655
v -138.567151 54.015736 35.189354
v -135.909555 54.293110 35.143530
v -131.485288 73.485105 45.825482
v -132.969850 73.448898 47.415467
v -132.922715 73.767581 49.615561
v -131.371476 74.254457 51.136961
v -129.297450 74.587697 50.919397
v -126.098159 88.384136 57.504414
v -127.211721 88.442181 58.877749
v -127.066880 88.900751 60.651293
v -125.748501 89.491220 61.786120
v -124.095344 89.820076 61.485339
v -121.512465 101.649539 66.276284
v -122.340884 101.768139 67.434256
v -122.152441 102.282439 68.840590
v -121.057515 102.891181 69.671479
v -119.755814 103.186739 69.338548
v -116.422136 118.815643 74.976155
v -117.133297 119.030430 76.145789
v -116.870211 119.705737 77.456466
v -115.786994 120.445997 78.140450
v -114.579312 120.753274 77.706439
v -112.245066 137.811547 81.445601
v -112.942340 138.193151 82.820287
v -112.556876 139.175419 84.226464
v -111.314492 140.182930 84.840396
v -110.016903 140.535134 84.210674
v -110.103116 155.298811 84.726075
v -110.760584 155.861640 86.259028
v -110.268926 157.137536 87.696959
v -108.916152 158.379066 88.197559
v -107.578477 158.744677 87.379519
v -109.968922 169.476498 85.501378
v -110.590579 170.209655 87.162451
v -110.014304 171.741982 88.611644
v -108.577713 173.175812 89.000059
v -107.213754 173.536560 88.016665
v -113.401666 190.870911 83.441063
v -113.969092 191.887555 85.287698
v -113.274772 193.817915 86.732227
v -111.725430 195.531251 86.928467
v -110.330578 195.858415 85.686950
v -121.189262 210.230962 78.317955
v -121.732423 211.507527 80.349368
v -120.937762 213.797548 81.815163
v -119.270809 215.759531 81.856682
v -117.819822 216.051006 80.381151
v -143.081538 243.916198 64.385081
v -143.919242 246.075713 67.676318
v -142.617139 249.878678 69.982097
v -139.937950 253.097311 69.951753
v -137.631984 253.527296 67.499700
v -149.119876 250.578499 60.589476
v -150.247464 253.485264 65.019534
v -148.494784 258.604095 68.123182
v -144.888531 262.936533 68.082358
v -141.784356 263.515055 64.782002
v -155.378878 256.719636 56.670374
v -156.875852 260.578650 62.551675
v -154.548997 267.374349 66.672052
v -149.761604 273.126074 66.617463
v -145.639513 273.894212 62.236805
v -162.328965 264.229741 52.304804
v -164.179594 269.000451 59.575607
v -161.303023 277.401745 64.669448
v -155.384292 284.512248 64.602431
v -150.290097 285.462107 59.185436
v -165.843302 272.637136 50.005610
v -167.462327 276.819091 56.380657
v -164.934132 284.175737 60.842455
v -159.751926 290.391182 60.784289
v -155.218948 291.239691 56.080475
v -165.908073 286.735198 49.685767
v -166.305910 287.764521 51.255617
v -165.681961 289.573628 52.353630
v -164.407271 291.098556 52.339539
v -163.293657 291.303643 51.180846
v -145.185310 -16.752707 -3.671441
v -164.987580 289.789836 50.183384
v -128.154940 235.022485 73.616981
v -129.738185 234.727245 75.300549
v -131.577685 232.517349 75.321384
v -132.471707 229.906283 73.738252
v -131.896546 228.423544 71.478518
v -143.510780 -14.340226 -6.045173
v -142.083419 -14.632278 -4.046633
v -142.501647 -15.037512 -1.642951
v -142.763134 -10.600109 -6.775216
v -140.643112 -11.033886 -3.806834
v -141.264295 -11.635770 -0.236706
v -143.005179 -1.497615 -5.261680
v -140.894947 -1.929389 -2.307007
v -141.513261 -2.528493 1.246633
v -142.801068 13.214274 -0.047949
v -140.877584 12.881676 2.598744
v -141.402145 12.389270 5.807710
v -140.608265 31.746106 10.398665
v -138.645716 31.604346 12.946395
v -139.055154 31.278661 16.121935
v -135.457690 54.230118 28.684042
v -133.635115 54.456387 30.763735
v -133.790922 54.487316 33.530544
v -129.338647 73.854929 45.776980
v -127.787410 74.341785 47.298377
v -127.740275 74.660473 49.498469
v -124.378534 88.760641 57.335760
v -123.060150 89.351137 58.470580
v -122.915326 89.809715 60.244129
v -120.152454 101.996108 66.044983
v -119.057540 102.604865 66.875873
v -118.869087 103.119163 68.282219
v -115.153297 119.187235 74.632755
v -114.070076 119.927502 75.316733
v -113.806985 120.602806 76.627430
v -110.873527 138.254128 80.907645
v -109.631132 139.261653 81.521550
v -109.245683 140.243934 82.927738
v -108.681633 155.778762 83.996110
v -107.328882 157.020327 84.496705
v -106.837211 158.296184 85.934638
v -108.513525 169.971914 84.601452
v -107.076906 171.405804 84.989870
v -106.500666 172.938121 86.439064
v -111.904888 191.363567 82.274096
v -110.355541 193.076943 82.470336
v -109.661232 195.007324 83.914855
v -119.626479 210.715577 76.910869
v -117.959504 212.677558 76.952407
v -117.164852 214.967548 78.418205
v -140.594697 244.665116 62.036397
v -137.915527 247.883809 62.006052
v -136.613412 251.686753 64.311838
v -145.772559 251.586568 57.428063
v -142.166321 255.919008 57.387222
v -140.413628 261.037859 60.490881
v -150.935008 258.057966 52.473332
v -146.147388 263.809634 52.419122
v -143.820984 270.605487 56.539471
v -156.835210 265.884266 47.116175
v -150.916493 272.994810 47.049153
v -148.039916 281.396144 52.142996
v -161.024672 274.087638 45.459450
v -155.836305 280.315560 45.408431
v -153.317422 287.661074 49.868451
v -164.721105 287.092093 48.567055
v -163.443470 288.623875 48.556126
v -162.823780 290.426654 49.653186
v -127.455585 233.758780 71.428228
v -128.349608 231.147694 69.845099
v -130.189112 228.937789 69.865923
v -168.578104 284.212406 53.132299
v -167.488368 281.393526 48.833418
v -164.238087 282.370940 45.769648
v -160.739326 286.566051 45.739248
v -159.042160 291.504708 48.743834
v -160.328420 293.907530 52.927828
v -163.378779 293.344706 56.100689
v -166.869811 289.167158 56.139370
vt 0.013070 0.005073
vt 0.973144 0.783473
vt 0.259157 0.014298
vt 0.013070 0.014298
vt 0.962491 0.809249
vt 0.489341 0.014298
vt 0.973198 0.834988
vt 0.703945 0.014298
vt 0.998913 0.843509
vt 0.910467 0.014298
vt 0.259157 0.038267
vt 0.013070 0.038267
vt 0.489341 0.038267
vt 0.703945 0.038267
vt 0.910467 0.038267
vt 0.259157 0.079951
vt 0.013070 0.079951
vt 0.489341 0.079951
vt 0.703945 0.079951
vt 0.910467 0.079951
vt 0.259157 0.137149
vt 0.013070 0.137149
vt 0.489341 0.137149
vt 0.703945 0.137149
vt 0.910467 0.137149
vt 0.259157 0.211085
vt 0.013070 0.211085
vt 0.489341 0.211085
vt 0.703945 0.211085
vt 0.910467 0.211085
vt 0.259157 0.273976
vt 0.013070 0.273976
vt 0.489341 0.273976
vt 0.703945 0.273976
vt 0.910467 0.273976
vt 0.259157 0.318821
vt 0.013070 0.318821
vt 0.489341 0.318821
vt 0.703945 0.318821
vt 0.910467 0.318821
vt 0.259157 0.356664
vt 0.013070 0.356664
vt 0.489341 0.356664
vt 0.703945 0.356664
vt 0.910467 0.356664
vt 0.259157 0.404442
vt 0.013070 0.404442
vt 0.489341 0.404442
vt 0.703945 0.404442
vt 0.910467 0.404442
vt 0.259157 0.457368
vt 0.013070 0.457368
vt 0.489341 0.457368
vt 0.703945 0.457368
vt 0.910467 0.457368
vt 0.259157 0.507609
vt 0.013070 0.507609
vt 0.489341 0.507609
vt 0.703945 0.507609
vt 0.910467 0.507609
vt 0.259157 0.550919
vt 0.013070 0.550919
vt 0.489341 0.550919
vt 0.703945 0.550919
vt 0.910467 0.550919
vt 0.259157 0.623464
vt 0.013070 0.623464
vt 0.489341 0.623464
vt 0.703945 0.623464
vt 0.910467 0.623464
vt 0.259157 0.698354
vt 0.013070 0.698354
vt 0.489341 0.698354
vt 0.703945 0.698354
vt 0.910467 0.698354
vt 0.259157 0.772735
vt 0.013070 0.772735
vt 0.489341 0.772735
vt 0.703945 0.772735
vt 0.910467 0.772735
vt 0.013070 0.839837
vt 0.259157 0.839837
vt 0.259157 0.872838
vt 0.013070 0.872838
vt 0.489341 0.839837
vt 0.489341 0.872838
vt 0.703945 0.839837
vt 0.703945 0.872838
vt 0.910467 0.839837
vt 0.910467 0.872838
vt 0.259157 0.905805
vt 0.013070 0.905805
vt 0.489341 0.905805
vt 0.703945 0.905805
vt 0.910467 0.905805
vt 0.259157 0.935946
vt 0.013070 0.935946
vt 0.489341 0.935946
vt 0.703945 0.935946
vt 0.910467 0.935946
vt 0.259157 0.959945
vt 0.013070 0.959945
vt 0.489341 0.959945
vt 0.703945 0.959945
vt 0.910467 0.959945
vt 0.944424 0.972221
vt 0.997205 0.994117
vt 0.922653 0.919412
vt 0.944662 0.866755
vt 0.910467 0.986043
vt 0.998914 0.809209
vt 0.997205 0.919583
vt 0.997205 0.848902
vt 0.013070 0.986043
vt 0.703945 0.986043
vt 0.489341 0.986043
vt 0.259157 0.986043
vt 0.910467 0.005073
vt 0.998914 0.772791
vt 0.703945 0.005073
vt 0.489341 0.005073
vt 0.259157 0.005073
vt 0.013070 0.005073
vt 0.259157 0.005073
vt 0.259157 0.014298
vt 0.013070 0.014298
vt 0.489341 0.005073
vt 0.489341 0.014298
vt 0.703945 0.005073
vt 0.703945 0.014298
vt 0.910467 0.005073
vt 0.910467 0.014298
vt 0.259157 0.038267
vt 0.013070 0.038267
vt 0.489341 0.038267
vt 0.703945 0.038267
vt 0.910467 0.038267
vt 0.259157 0.079951
vt 0.013070 0.079951
vt 0.489341 0.079951
vt 0.703945 0.079951
vt 0.910467 0.079951
vt 0.259157 0.137149
vt 0.013070 0.137149
vt 0.489341 0.137149
vt 0.703945 0.137149
vt 0.910467 0.137149
vt 0.259157 0.211085
vt 0.013070 0.211085
vt 0.489341 0.211085
vt 0.703945 0.211085
vt 0.910467 0.211085
vt 0.259157 0.273976
vt 0.013070 0.273976
vt 0.489341 0.273976
vt 0.703945 0.273976
vt 0.910467 0.273976
vt 0.259157 0.318821
vt 0.013070 0.318821
vt 0.489341 0.318821
vt 0.703945 0.318821
vt 0.910467 0.318821
vt 0.259157 0.356664
vt 0.013070 0.356664
vt 0.489341 0.356664
vt 0.703945 0.356664
vt 0.910467 0.356664
vt 0.259157 0.404442
vt 0.013070 0.404442
vt 0.489341 0.404442
vt 0.703945 0.404442
vt 0.910467 0.404442
vt 0.259157 0.457368
vt 0.013070 0.457368
vt 0.489341 0.457368
vt 0.703945 0.457368
vt 0.910467 0.457368
vt 0.259157 0.507609
vt 0.013070 0.507609
vt 0.489341 0.507609
vt 0.703945 0.507609
vt 0.910467 0.507609
vt 0.259157 0.550919
vt 0.013070 0.550919
vt 0.489341 0.550919
vt 0.703945 0.550919
vt 0.910467 0.550919
vt 0.259157 0.623464
vt 0.013070 0.623464
vt 0.489341 0.623464
vt 0.703945 0.623464
vt 0.910467 0.623464
vt 0.259157 0.698354
vt 0.013070 0.698354
vt 0.489341 0.698354
vt 0.703945 0.698354
vt 0.910467 0.698354
vt 0.259157 0.772735
vt 0.013070 0.772735
vt 0.489341 0.772735
vt 0.703945 0.772735
vt 0.910467 0.772735
vt 0.013070 0.839837
vt 0.259157 0.839837
vt 0.259157 0.872838
vt 0.013070 0.872838
vt 0.489341 0.839837
vt 0.489341 0.872838
vt 0.703945 0.839837
vt 0.703945 0.872838
vt 0.910467 0.839837
vt 0.910467 0.872838
vt 0.259157 0.905805
vt 0.013070 0.905805
vt 0.489341 0.905805
vt 0.703945 0.905805
vt 0.910467 0.905805
vt 0.259157 0.935946
vt 0.013070 0.935946
vt 0.489341 0.935946
vt 0.703945 0.935946
vt 0.910467 0.935946
vt 0.259157 0.959945
vt 0.013070 0.959945
vt 0.489341 0.959945
vt 0.703945 0.959945
vt 0.910467 0.959945
vt 0.259157 0.986043
vt 0.013070 0.986043
vt 0.489341 0.986043
vt 0.703945 0.986043
vt 0.910467 0.986043
vt 0.973144 0.783473
vt 0.998914 0.772791
vt 0.998914 0.809209
vt 0.973198 0.834988
vt 0.998913 0.843509
vt 0.997205 0.919583
vt 0.944424 0.972221
vt 0.922653 0.919412
vt 0.944662 0.866755
vt 0.997205 0.848902
vt 0.997205 0.994117
vt 0.962491 0.809249
vt 0.259157 0.972994
vt 0.013070 0.972994
vt 0.013070 0.972994
vt 0.259157 0.972994
vt 0.489341 0.972994
vt 0.703945 0.972994
vt 0.910467 0.972994
vt 0.910467 0.972994
vt 0.703945 0.972994
vt 0.489341 0.972994
vn -0.175786 -0.381708 -0.907413
vn -0.709753 -0.456041 -0.536915
vn -0.839144 -0.030567 -0.543050
vn -0.217352 0.055992 -0.974486
vn -0.820371 -0.563223 0.098845
vn -0.967957 -0.155377 0.197277
vn -0.418433 -0.639396 0.645047
vn -0.501145 -0.246546 0.829499
vn 0.203582 -0.626475 0.752385
vn 0.222183 -0.243530 0.944102
vn -0.836958 0.165440 -0.521662
vn -0.227822 0.266992 -0.936383
vn -0.979798 -0.020202 0.198967
vn -0.518248 -0.192440 0.833298
vn 0.222375 -0.232506 0.946832
vn -0.822536 0.303141 -0.481186
vn -0.238701 0.427112 -0.872123
vn -0.977776 0.012195 0.209297
vn -0.497252 -0.307234 0.811386
vn 0.233537 -0.407635 0.882776
vn -0.794182 0.444630 -0.414221
vn -0.260996 0.580645 -0.771189
vn -0.968033 0.046969 0.246387
vn -0.425989 -0.435708 0.792901
vn 0.259639 -0.568686 0.780502
vn -0.781371 0.522772 -0.340836
vn -0.291339 0.665309 -0.687376
vn -0.939273 0.028723 0.341966
vn -0.285832 -0.525645 0.801248
vn 0.305873 -0.631116 0.712836
vn -0.781354 0.543703 -0.306386
vn -0.345609 0.676427 -0.650386
vn -0.901118 -0.007244 0.433513
vn -0.143643 -0.559321 0.816411
vn 0.367211 -0.630218 0.684092
vn -0.798376 0.518171 -0.306749
vn -0.412138 0.633590 -0.654756
vn -0.876707 -0.007160 0.480972
vn -0.052856 -0.529427 0.846707
vn 0.432896 -0.585146 0.685715
vn -0.829934 0.458124 -0.318326
vn -0.484620 0.558468 -0.673243
vn -0.871488 0.004403 0.490397
vn 0.005373 -0.468713 0.883334
vn 0.501988 -0.515256 0.694636
vn -0.891548 0.350974 -0.286287
vn -0.563555 0.450731 -0.692277
vn -0.816696 -0.049355 0.574954
vn 0.090624 -0.389479 0.916566
vn 0.579099 -0.417360 0.700325
vn -0.953215 0.218689 -0.208701
vn -0.646033 0.312259 -0.696517
vn -0.738661 -0.075182 0.669871
vn 0.161111 -0.269004 0.949568
vn 0.660029 -0.280220 0.697021
vn -0.992065 0.082538 -0.094835
vn -0.718858 0.152827 -0.678150
vn -0.667165 -0.066047 0.741976
vn 0.206257 -0.129509 0.969889
vn 0.729204 -0.122208 0.673295
vn -0.995040 -0.091836 0.038238
vn -0.781915 -0.078477 -0.618426
vn -0.647103 -0.049520 0.760793
vn 0.182040 0.057821 0.981590
vn 0.794750 0.106207 0.597572
vn -0.944744 -0.220944 0.242161
vn -0.805076 -0.297289 -0.513294
vn -0.551788 -0.022858 0.833671
vn 0.201262 0.224720 0.953412
vn 0.810360 0.315833 0.493524
vn -0.870557 -0.313299 0.379439
vn -0.779756 -0.498306 -0.379040
vn -0.518603 -0.000758 0.855015
vn 0.169023 0.357699 0.918413
vn 0.788580 0.488131 0.373992
vn -0.816408 -0.366106 0.446592
vn -0.739858 -0.604900 -0.294459
vn -0.489503 -0.014810 0.871876
vn 0.168468 0.376997 0.910764
vn 0.784063 0.524698 0.331568
vn -0.703196 -0.670288 -0.237130
vn -0.764460 -0.397285 0.507706
vn -0.714268 -0.454986 0.531799
vn -0.642269 -0.740561 -0.197637
vn -0.425317 -0.036222 0.904319
vn -0.383554 -0.092622 0.918862
vn 0.220695 0.337294 0.915165
vn 0.253626 0.271687 0.928364
vn 0.800393 0.480921 0.357890
vn 0.826973 0.416655 0.377511
vn -0.717595 -0.456433 0.526048
vn -0.641555 -0.740121 -0.201564
vn -0.388698 -0.093043 0.916655
vn 0.248389 0.275413 0.928682
vn 0.826440 0.419773 0.375217
vn -0.813754 -0.358816 0.457225
vn -0.734786 -0.618336 -0.278836
vn -0.486727 0.009430 0.873504
vn 0.154926 0.418414 0.894945
vn 0.764346 0.559303 0.320867
vn -0.940925 -0.176494 0.288981
vn -0.841085 -0.369452 -0.395072
vn -0.673532 0.173547 0.718496
vn -0.065458 0.639293 0.766172
vn 0.590780 0.789782 0.164997
vn -0.992441 0.030040 0.118990
vn -0.878868 -0.134047 -0.457845
vn -0.804779 0.355215 0.475555
vn -0.310974 0.812725 0.492721
vn 0.280459 0.958316 -0.054526
vn 0.024651 -0.986279 -0.163238
vn -0.651068 0.558468 -0.514027
vn -0.865637 0.386381 -0.318406
vn -0.821950 0.532693 -0.201586
vn -0.650202 0.717049 -0.251155
vn -0.423668 0.784781 -0.452353
vn -0.784511 0.317567 -0.532630
vn 0.533181 0.053593 -0.844302
vn 0.468738 -0.383769 -0.795617
vn 0.972804 -0.036358 -0.228758
vn 0.846267 -0.461015 -0.267015
vn 0.826591 -0.165121 0.538036
vn 0.720871 -0.569527 0.394948
vn 0.510448 0.233059 -0.827723
vn 0.968515 0.074770 -0.237463
vn 0.836916 -0.127730 0.532219
vn 0.478717 0.347293 -0.806361
vn 0.963895 0.063597 -0.258576
vn 0.829782 -0.273624 0.486408
vn 0.412277 0.474966 -0.777454
vn 0.955233 0.051478 -0.291341
vn 0.799309 -0.424915 0.424915
vn 0.352844 0.549164 -0.757575
vn 0.956934 0.004549 -0.290268
vn 0.758736 -0.510911 0.404092
vn 0.254810 0.573578 -0.778511
vn 0.947726 -0.038749 -0.316722
vn 0.748330 -0.533781 0.393802
vn 0.137972 0.554393 -0.820739
vn 0.918995 -0.022852 -0.393607
vn 0.781115 -0.497824 0.376870
vn 0.016565 0.497759 -0.867157
vn 0.857610 0.013301 -0.514128
vn 0.834505 -0.433686 0.339878
vn -0.056672 0.392384 -0.918054
vn 0.820979 -0.013144 -0.570807
vn 0.884346 -0.352650 0.305892
vn -0.105560 0.260974 -0.959557
vn 0.787524 -0.023270 -0.615845
vn 0.940549 -0.234439 0.245775
vn -0.128459 0.121789 -0.984208
vn 0.749516 -0.014789 -0.661821
vn 0.982554 -0.100262 0.156637
vn -0.172168 -0.067328 -0.982764
vn 0.636118 -0.015354 -0.771439
vn 0.995804 0.073056 -0.055111
vn -0.120451 -0.221476 -0.967698
vn 0.620399 -0.013421 -0.784172
vn 0.960869 0.208263 -0.182642
vn -0.097178 -0.356790 -0.929116
vn 0.562818 -0.018284 -0.826379
vn 0.894166 0.305734 -0.327099
vn -0.069897 -0.439041 -0.895744
vn 0.553276 -0.044848 -0.831790
vn 0.873075 0.314471 -0.372624
vn 0.043563 -0.561149 -0.826568
vn -0.008846 -0.491627 -0.870761
vn 0.640992 -0.128704 -0.756680
vn 0.605571 -0.069482 -0.792752
vn 0.927884 0.226386 -0.296277
vn 0.901752 0.288141 -0.322209
vn 0.038709 -0.562625 -0.825806
vn 0.636554 -0.130883 -0.760045
vn 0.926062 0.226736 -0.301663
vn -0.066382 -0.447435 -0.891849
vn 0.549128 -0.032704 -0.835098
vn 0.860533 0.343423 -0.376223
vn -0.248439 -0.224295 -0.942321
vn 0.340690 0.128139 -0.931403
vn 0.669913 0.515741 -0.534067
vn -0.376143 -0.011217 -0.926494
vn 0.117310 0.296734 -0.947727
vn 0.380824 0.669058 -0.638228
vn -0.415161 0.498077 -0.761289
vn -0.594103 0.364618 -0.717005
vn -0.349104 0.664110 -0.661123
s 1
g pCylinder9
usemtl initialShadingGroup
f 1303/1779/1303 1304/1900/1304 1309/1781/1305 1308/1782/1306
f 1304/1900/1304 1305/1899/1307 1310/1784/1308 1309/1781/1305
f 1305/1899/1307 1306/1898/1309 1311/1786/1310 1310/1784/1308
f 1306/1898/1309 1307/1896/1311 1312/1788/1312 1311/1786/1310
f 1308/1782/1306 1309/1781/1305 1314/1789/1313 1313/1790/1314
f 1309/1781/1305 1310/1784/1308 1315/1791/1315 1314/1789/1313
f 1310/1784/1308 1311/1786/1310 1316/1792/1316 1315/1791/1315
f 1311/1786/1310 1312/1788/1312 1317/1793/1317 1316/1792/1316
f 1313/1790/1314 1314/1789/1313 1319/1794/1318 1318/1795/1319
f 1314/1789/1313 1315/1791/1315 1320/1796/1320 1319/1794/1318
f 1315/1791/1315 1316/1792/1316 1321/1797/1321 1320/1796/1320
f 1316/1792/1316 1317/1793/1317 1322/1798/1322 1321/1797/1321
f 1318/1795/1319 1319/1794/1318 1324/1799/1323 1323/1800/1324
f 1319/1794/1318 1320/1796/1320 1325/1801/1325 1324/1799/1323
f 1320/1796/1320 1321/1797/1321 1326/1802/1326 1325/1801/1325
f 1321/1797/1321 1322/1798/1322 1327/1803/1327 1326/1802/1326
f 1323/1800/1324 1324/1799/1323 1329/1804/1328 1328/1805/1329
f 1324/1799/1323 1325/1801/1325 1330/1806/1330 1329/1804/1328
f 1325/1801/1325 1326/1802/1326 1331/1807/1331 1330/1806/1330
f 1326/1802/1326 1327/1803/1327 1332/1808/1332 1331/1807/1331
f 1328/1805/1329 1329/1804/1328 1334/1809/1333 1333/1810/1334
f 1329/1804/1328 1330/1806/1330 1335/1811/1335 1334/1809/1333
f 1330/1806/1330 1331/1807/1331 1336/1812/1336 1335/1811/1335
f 1331/1807/1331 1332/1808/1332 1337/1813/1337 1336/1812/1336
f 1333/1810/1334 1334/1809/1333 1339/1814/1338 1338/1815/1339
f 1334/1809/1333 1335/1811/1335 1340/1816/1340 1339/1814/1338
f 1335/1811/1335 1336/1812/1336 1341/1817/1341 1340/1816/1340
f 1336/1812/1336 1337/1813/1337 1342/1818/1342 1341/1817/1341
f 1338/1815/1339 1339/1814/1338 1344/1819/1343 1343/1820/1344
f 1339/1814/1338 1340/1816/1340 1345/1821/1345 1344/1819/1343
f 1340/1816/1340 1341/1817/1341 1346/1822/1346 1345/1821/1345
f 1341/1817/1341 1342/1818/1342 1347/1823/1347 1346/1822/1346
f 1343/1820/1344 1344/1819/1343 1349/1824/1348 1348/1825/1349
f 1344/1819/1343 1345/1821/1345 1350/1826/1350 1349/1824/1348
f 1345/1821/1345 1346/1822/1346 1351/1827/1351 1350/1826/1350
f 1346/1822/1346 1347/1823/1347 1352/1828/1352 1351/1827/1351
f 1348/1825/1349 1349/1824/1348 1354/1829/1353 1353/1830/1354
f 1349/1824/1348 1350/1826/1350 1355/1831/1355 1354/1829/1353
f 1350/1826/1350 1351/1827/1351 1356/1832/1356 1355/1831/1355
f 1351/1827/1351 1352/1828/1352 1357/1833/1357 1356/1832/1356
f 1353/1830/1354 1354/1829/1353 1359/1834/1358 1358/1835/1359
f 1354/1829/1353 1355/1831/1355 1360/1836/1360 1359/1834/1358
f 1355/1831/1355 1356/1832/1356 1361/1837/1361 1360/1836/1360
f 1356/1832/1356 1357/1833/1357 1362/1838/1362 1361/1837/1361
f 1358/1835/1359 1359/1834/1358 1364/1839/1363 1363/1840/1364
f 1359/1834/1358 1360/1836/1360 1365/1841/1365 1364/1839/1363
f 1360/1836/1360 1361/1837/1361 1366/1842/1366 1365/1841/1365
f 1361/1837/1361 1362/1838/1362 1367/1843/1367 1366/1842/1366
f 1363/1840/1364 1364/1839/1363 1369/1844/1368 1368/1845/1369
f 1364/1839/1363 1365/1841/1365 1370/1846/1370 1369/1844/1368
f 1365/1841/1365 1366/1842/1366 1371/1847/1371 1370/1846/1370
f 1366/1842/1366 1367/1843/1367 1372/1848/1372 1371/1847/1371
f 1368/1845/1369 1369/1844/1368 1374/1849/1373 1373/1850/1374
f 1369/1844/1368 1370/1846/1370 1375/1851/1375 1374/1849/1373
f 1370/1846/1370 1371/1847/1371 1376/1852/1376 1375/1851/1375
f 1371/1847/1371 1372/1848/1372 1377/1853/1377 1376/1852/1376
f 1373/1850/1374 1374/1849/1373 1413/1854/1378 1414/1855/1379
f 1374/1849/1373 1375/1851/1375 1412/1856/1380 1413/1854/1378
f 1375/1851/1375 1376/1852/1376 1411/1857/1381 1412/1856/1380
f 1376/1852/1376 1377/1853/1377 1410/1858/1382 1411/1857/1381
f 1378/1859/1383 1379/1860/1384 1384/1861/1385 1383/1862/1386
f 1379/1860/1384 1380/1863/1387 1385/1864/1388 1384/1861/1385
f 1380/1863/1387 1381/1865/1389 1386/1866/1390 1385/1864/1388
f 1381/1865/1389 1382/1867/1391 1387/1868/1392 1386/1866/1390
f 1383/1862/1386 1384/1861/1385 1389/1869/1393 1388/1870/1394
f 1384/1861/1385 1385/1864/1388 1390/1871/1395 1389/1869/1393
f 1385/1864/1388 1386/1866/1390 1391/1872/1396 1390/1871/1395
f 1386/1866/1390 1387/1868/1392 1392/1873/1397 1391/1872/1396
f 1388/1870/1394 1389/1869/1393 1394/1874/1398 1393/1875/1399
f 1389/1869/1393 1390/1871/1395 1395/1876/1400 1394/1874/1398
f 1390/1871/1395 1391/1872/1396 1396/1877/1401 1395/1876/1400
f 1391/1872/1396 1392/1873/1397 1397/1878/1402 1396/1877/1401
f 1393/1875/1399 1394/1874/1398 1399/1879/1403 1398/1880/1404
f 1394/1874/1398 1395/1876/1400 1400/1881/1405 1399/1879/1403
f 1395/1876/1400 1396/1877/1401 1401/1882/1406 1400/1881/1405
f 1396/1877/1401 1397/1878/1402 1402/1883/1407 1401/1882/1406
f 1398/1880/1404 1399/1879/1403 1481/2023/1408 1482/2025/1409
f 1399/1879/1403 1400/1881/1405 1488/2032/1410 1481/2023/1408
f 1400/1881/1405 1401/1882/1406 1487/2031/1411 1488/2032/1410
f 1401/1882/1406 1402/1883/1407 1486/2029/1412 1487/2031/1411
f 1304/1780/1304 1303/1897/1303 1408/1889/1413
f 1306/1785/1309 1408/1889/1413 1307/1787/1311
f 1409/1890/1414 1404/1884/1415 1405/1886/1416
f 1409/1890/1414 1405/1886/1416 1406/1887/1417
f 1411/1857/1381 1410/1858/1382 1382/1867/1391 1381/1865/1389
f 1412/1856/1380 1411/1857/1381 1381/1865/1389 1380/1863/1387
f 1413/1854/1378 1412/1856/1380 1380/1863/1387 1379/1860/1384
f 1414/1855/1379 1413/1854/1378 1379/1860/1384 1378/1859/1383
f 1409/1890/1414 1406/1887/1417 1407/1891/1418
f 1409/1890/1414 1403/1885/1419 1404/1884/1415
f 1304/1780/1304 1408/1889/1413 1305/1783/1307
f 1306/1785/1309 1305/1783/1307 1408/1889/1413
f 1303/1901/1303 1308/1904/1306 1418/1903/1420 1415/1902/1421
f 1415/1902/1421 1418/1903/1420 1419/1906/1422 1416/1905/1423
f 1416/1905/1423 1419/1906/1422 1420/1908/1424 1417/1907/1425
f 1417/1907/1425 1420/1908/1424 1312/1910/1312 1307/1909/1311
f 1308/1904/1306 1313/1912/1314 1421/1911/1426 1418/1903/1420
f 1418/1903/1420 1421/1911/1426 1422/1913/1427 1419/1906/1422
f 1419/1906/1422 1422/1913/1427 1423/1914/1428 1420/1908/1424
f 1420/1908/1424 1423/1914/1428 1317/1915/1317 1312/1910/1312
f 1313/1912/1314 1318/1917/1319 1424/1916/1429 1421/1911/1426
f 1421/1911/1426 1424/1916/1429 1425/1918/1430 1422/1913/1427
f 1422/1913/1427 1425/1918/1430 1426/1919/1431 1423/1914/1428
f 1423/1914/1428 1426/1919/1431 1322/1920/1322 1317/1915/1317
f 1318/1917/1319 1323/1922/1324 1427/1921/1432 1424/1916/1429
f 1424/1916/1429 1427/1921/1432 1428/1923/1433 1425/1918/1430
f 1425/1918/1430 1428/1923/1433 1429/1924/1434 1426/1919/1431
f 1426/1919/1431 1429/1924/1434 1327/1925/1327 1322/1920/1322
f 1323/1922/1324 1328/1927/1329 1430/1926/1435 1427/1921/1432
f 1427/1921/1432 1430/1926/1435 1431/1928/1436 1428/1923/1433
f 1428/1923/1433 1431/1928/1436 1432/1929/1437 1429/1924/1434
f 1429/1924/1434 1432/1929/1437 1332/1930/1332 1327/1925/1327
f 1328/1927/1329 1333/1932/1334 1433/1931/1438 1430/1926/1435
f 1430/1926/1435 1433/1931/1438 1434/1933/1439 1431/1928/1436
f 1431/1928/1436 1434/1933/1439 1435/1934/1440 1432/1929/1437
f 1432/1929/1437 1435/1934/1440 1337/1935/1337 1332/1930/1332
f 1333/1932/1334 1338/1937/1339 1436/1936/1441 1433/1931/1438
f 1433/1931/1438 1436/1936/1441 1437/1938/1442 1434/1933/1439
f 1434/1933/1439 1437/1938/1442 1438/1939/1443 1435/1934/1440
f 1435/1934/1440 1438/1939/1443 1342/1940/1342 1337/1935/1337
f 1338/1937/1339 1343/1942/1344 1439/1941/1444 1436/1936/1441
f 1436/1936/1441 1439/1941/1444 1440/1943/1445 1437/1938/1442
f 1437/1938/1442 1440/1943/1445 1441/1944/1446 1438/1939/1443
f 1438/1939/1443 1441/1944/1446 1347/1945/1347 1342/1940/1342
f 1343/1942/1344 1348/1947/1349 1442/1946/1447 1439/1941/1444
f 1439/1941/1444 1442/1946/1447 1443/1948/1448 1440/1943/1445
f 1440/1943/1445 1443/1948/1448 1444/1949/1449 1441/1944/1446
f 1441/1944/1446 1444/1949/1449 1352/1950/1352 1347/1945/1347
f 1348/1947/1349 1353/1952/1354 1445/1951/1450 1442/1946/1447
f 1442/1946/1447 1445/1951/1450 1446/1953/1451 1443/1948/1448
f 1443/1948/1448 1446/1953/1451 1447/1954/1452 1444/1949/1449
f 1444/1949/1449 1447/1954/1452 1357/1955/1357 1352/1950/1352
f 1353/1952/1354 1358/1957/1359 1448/1956/1453 1445/1951/1450
f 1445/1951/1450 1448/1956/1453 1449/1958/1454 1446/1953/1451
f 1446/1953/1451 1449/1958/1454 1450/1959/1455 1447/1954/1452
f 1447/1954/1452 1450/1959/1455 1362/1960/1362 1357/1955/1357
f 1358/1957/1359 1363/1962/1364 1451/1961/1456 1448/1956/1453
f 1448/1956/1453 1451/1961/1456 1452/1963/1457 1449/1958/1454
f 1449/1958/1454 1452/1963/1457 1453/1964/1458 1450/1959/1455
f 1450/1959/1455 1453/1964/1458 1367/1965/1367 1362/1960/1362
f 1363/1962/1364 1368/1967/1369 1454/1966/1459 1451/1961/1456
f 1451/1961/1456 1454/1966/1459 1455/1968/1460 1452/1963/1457
f 1452/1963/1457 1455/1968/1460 1456/1969/1461 1453/1964/1458
f 1453/1964/1458 1456/1969/1461 1372/1970/1372 1367/1965/1367
f 1368/1967/1369 1373/1972/1374 1457/1971/1462 1454/1966/1459
f 1454/1966/1459 1457/1971/1462 1458/1973/1463 1455/1968/1460
f 1455/1968/1460 1458/1973/1463 1459/1974/1464 1456/1969/1461
f 1456/1969/1461 1459/1974/1464 1377/1975/1377 1372/1970/1372
f 1373/1972/1374 1414/1977/1379 1480/1976/1465 1457/1971/1462
f 1457/1971/1462 1480/1976/1465 1479/1978/1466 1458/1973/1463
f 1458/1973/1463 1479/1978/1466 1478/1979/1467 1459/1974/1464
f 1459/1974/1464 1478/1979/1467 1410/1980/1382 1377/1975/1377
f 1378/1981/1383 1383/1984/1386 1463/1983/1468 1460/1982/1469
f 1460/1982/1469 1463/1983/1468 1464/1986/1470 1461/1985/1471
f 1461/1985/1471 1464/1986/1470 1465/1988/1472 1462/1987/1473
f 1462/1987/1473 1465/1988/1472 1387/1990/1392 1382/1989/1391
f 1383/1984/1386 1388/1992/1394 1466/1991/1474 1463/1983/1468
f 1463/1983/1468 1466/1991/1474 1467/1993/1475 1464/1986/1470
f 1464/1986/1470 1467/1993/1475 1468/1994/1476 1465/1988/1472
f 1465/1988/1472 1468/1994/1476 1392/1995/1397 1387/1990/1392
f 1388/1992/1394 1393/1997/1399 1469/1996/1477 1466/1991/1474
f 1466/1991/1474 1469/1996/1477 1470/1998/1478 1467/1993/1475
f 1467/1993/1475 1470/1998/1478 1471/1999/1479 1468/1994/1476
f 1468/1994/1476 1471/1999/1479 1397/2000/1402 1392/1995/1397
f 1393/1997/1399 1398/2002/1404 1472/2001/1480 1469/1996/1477
f 1469/1996/1477 1472/2001/1480 1473/2003/1481 1470/1998/1478
f 1470/1998/1478 1473/2003/1481 1474/2004/1482 1471/1999/1479
f 1471/1999/1479 1474/2004/1482 1402/2005/1407 1397/2000/1402
f 1398/2002/1404 1482/2024/1409 1483/2026/1483 1472/2001/1480
f 1472/2001/1480 1483/2026/1483 1484/2027/1484 1473/2003/1481
f 1473/2003/1481 1484/2027/1484 1485/2028/1485 1474/2004/1482
f 1474/2004/1482 1485/2028/1485 1486/2030/1412 1402/2005/1407
f 1415/2011/1421 1408/2013/1413 1303/2012/1303
f 1417/2014/1425 1307/2015/1311 1408/2013/1413
f 1409/2016/1414 1476/2018/1486 1475/2017/1487
f 1409/2016/1414 1477/2019/1488 1476/2018/1486
f 1478/1979/1467 1462/1987/1473 1382/1989/1391 1410/1980/1382
f 1479/1978/1466 1461/1985/1471 1462/1987/1473 1478/1979/1467
f 1480/1976/1465 1460/1982/1469 1461/1985/1471 1479/1978/1466
f 1414/1977/1379 1378/1981/1383 1460/1982/1469 1480/1976/1465
f 1409/2016/1414 1407/2020/1418 1477/2019/1488
f 1409/2016/1414 1475/2017/1487 1403/2021/1419
f 1415/2011/1421 1416/2022/1423 1408/2013/1413
f 1417/2014/1425 1408/2013/1413 1416/2022/1423
f 1482/2025/1409 1481/2023/1408 1404/1895/1415 1403/1892/1419
f 1483/2026/1483 1482/2024/1409 1403/2007/1419 1475/2006/1487
f 1484/2027/1484 1483/2026/1483 1475/2006/1487 1476/2008/1486
f 1485/2028/1485 1484/2027/1484 1476/2008/1486 1477/2009/1488
f 1486/2030/1412 1485/2028/1485 1477/2009/1488 1407/2010/1418
f 1487/2031/1411 1486/2029/1412 1407/1888/1418 1406/1893/1417
f 1488/2032/1410 1487/2031/1411 1406/1893/1417 1405/1894/1416
f 1481/2023/1408 1488/2032/1410 1405/1894/1416 1404/1895/1415
